user,location,tweet,likes,RT,Source,ID,Date
44Kingwavy,,"RT @sdbvideo: Wild hog strapped with tannerite.
#sdbvideo 
oink oink goes boom boom.
#WorldstarHiphop #WORLDSTAR #coronavirus #LoseWithBide‚Ä¶",0,4,Twitter for iPhone,1507864406050234369,2022-03-26 23:37:43+00:00
subgap,The Netherlands,"Coronavirus Update:
‚ò£Ô∏èÔ∏è Total cases: 480,831,212 (+166,787) ‚ò£Ô∏èÔ∏è
‚ö†Ô∏è Current cases: 59,633,688 (-44,971) ‚ö†Ô∏è
‚ö∞Ô∏è Deaths‚Ä¶ https://t.co/yaxs1TN9bm",1,1,CoronaVirus Bot by Sloth,1507862976484843523,2022-03-26 23:32:02+00:00
lisaevictoria,,"RT @maxplanckpress: The #coronavirus not only infects the human retina, but can also replicate in it. A new study @MPI_Muenster &amp; @WWU_Muen‚Ä¶",0,185,Twitter for iPhone,1507862879739211780,2022-03-26 23:31:39+00:00
JudyandHuahua,"Sydney, New South Wales","RT @maxplanckpress: The #coronavirus not only infects the human retina, but can also replicate in it. A new study @MPI_Muenster &amp; @WWU_Muen‚Ä¶",0,185,Twitter for iPhone,1507862747400503297,2022-03-26 23:31:08+00:00
CovidData2,,New COVID-19 Data at 2022-03-26 07:30:00 pm EDT #Coronavirus #COVID19 #COVID_19 https://t.co/2KQ4B2smZ5,0,0,coronaData_Test,1507862549387218946,2022-03-26 23:30:21+00:00
wakeywakey107,,When are health officials and gov going to #stopmandates for #coronavirus #vaccine and the 40-60yo are dropping off‚Ä¶ https://t.co/W5GU2HFT0a,0,0,Twitter for iPhone,1507862449491689474,2022-03-26 23:29:57+00:00
Frances99423129,,"RT @SMaurizi: 2 years ago,as #Coronavirus pandemic exploded, I tried to investigate on #Metabiota,a San Francisco firm tracking epidemics f‚Ä¶",0,24,Twitter for Android,1507862086625513474,2022-03-26 23:28:30+00:00
smAshomAsh,"Pennsylvania, USA",#scam detected!  #Cases are proportional to number of #tests performed and always have been.  #coronavirus‚Ä¶ https://t.co/ZoXy7Ktp3G,0,0,Twitter Web App,1507861905045704713,2022-03-26 23:27:47+00:00
enriquegalardi,getxo-bizkaia,"RT @EduCannotWait: #COVID19 is disrupting education globally. 

For children &amp; youth already affected by armed conflicts, displacement &amp; di‚Ä¶",0,21,Twitter for iPhone,1507861650011041795,2022-03-26 23:26:46+00:00
BubbaGak,,This Bubba Gak NFT is available on OpenSea! #coronavirus #Covid_19 #nft #OpenSeaNFT #opensea #Aliens #aliennft‚Ä¶ https://t.co/oMnIeuaQhi,2,0,Twitter for iPhone,1507861523175284744,2022-03-26 23:26:16+00:00
corona_tweet,,"RT @BuyStrategyCom: [Free PowerPoint] #Coronavirus: Impact, Implications, &amp; Immediate Actions https://t.co/Ynqlt5h8IC #whitepaper #business‚Ä¶",0,1,CoronaTweetBot,1507860889231400962,2022-03-26 23:23:45+00:00
corona_tweet,,"RT @jamjamtv: World Coronavirus News
CoroNow
Live Update
https://t.co/RBDjV3NBJk
#coronavirus
#covid19
#CoroNow #WorldNews",0,1,CoronaTweetBot,1507860880322670599,2022-03-26 23:23:43+00:00
corona_tweet,,"RT @POTUSCameron: People still like to put blame on #Covid_19, but I don‚Äôt hear hardly anything about the #Coronavirus anymore. We need to‚Ä¶",0,1,CoronaTweetBot,1507860850505302016,2022-03-26 23:23:36+00:00
BuyStrategyCom,New York,"[Free PowerPoint] #Coronavirus: Impact, Implications, &amp; Immediate Actions https://t.co/Ynqlt5h8IC #whitepaper‚Ä¶ https://t.co/Oj5zpyg00u",0,1,IFTTT,1507859764532977666,2022-03-26 23:19:17+00:00
jamjamtv,The Earth,"World Coronavirus News
CoroNow
Live Update
https://t.co/RBDjV3NBJk
#coronavirus
#covid19
#CoroNow #WorldNews",0,1,twittbot.net,1507859665702764548,2022-03-26 23:18:53+00:00
POTUSCameron,,"People still like to put blame on #Covid_19, but I don‚Äôt hear hardly anything about the #Coronavirus anymore. We ne‚Ä¶ https://t.co/PdWiODLhuy",0,1,Twitter for iPhone,1507859354887897088,2022-03-26 23:17:39+00:00
telugustop,India,"Vietnam reports 103,126 new Covid-19 cases https://t.co/uSZ9Mwsegt #Coronavirus #COvid #COVID19 #Vietnam Read Full  üëá",0,0,dlvr.it,1507859327347945476,2022-03-26 23:17:32+00:00
ejlazar,"Sydney, New South Wales","RT @DrBakerPhD: Free support for physicians üíô

#COVID19Pandemic #physicians #doctors #help #coronavirus #Mentalhealth #COVID„Éº19 #COVIDfront‚Ä¶",0,137,Twitter Web App,1507858490911760386,2022-03-26 23:14:13+00:00
Michael95494331,,"RT @aier: #Coronavirus models nowhere included what ended up being our reality. Now, epidemiological modelers need to learn what economists‚Ä¶",0,1,Twitter Web App,1507858008839176192,2022-03-26 23:12:18+00:00
Fabriciosx,Rio de janeiro,"RT @flevydocs: [Free PowerPoint] #Coronavirus: Impact, Implications, &amp; Immediate Actions https://t.co/xVQDvLIyMY #whitepaper #businesstrate‚Ä¶",0,1,twitter-bot-fab,1507857956091490304,2022-03-26 23:12:06+00:00
Fabriciosx,Rio de janeiro,"RT @learnppt: [Free PowerPoint] #Coronavirus: Impact, Implications, &amp; Immediate Actions https://t.co/estXkUb5yf #whitepaper #businesstrateg‚Ä¶",0,1,twitter-bot-fab,1507857956011921413,2022-03-26 23:12:06+00:00
learnppt,Los Angeles,"[Free PowerPoint] #Coronavirus: Impact, Implications, &amp; Immediate Actions https://t.co/estXkUb5yf #whitepaper‚Ä¶ https://t.co/7elqjGPkei",0,1,Twitter Web App,1507857939352141824,2022-03-26 23:12:02+00:00
flevydocs,"New York, New York","[Free PowerPoint] #Coronavirus: Impact, Implications, &amp; Immediate Actions https://t.co/xVQDvLIyMY #whitepaper‚Ä¶ https://t.co/FnRFOyPxRB",0,1,Twitter Web App,1507857938060304388,2022-03-26 23:12:01+00:00
PelleJons1,,"RT @_weesf: üîπWhy does God deserve our worship‚ÅâÔ∏è
What's the meaning of that Martin Lings says:
A person can not worship anything ‚ÅâÔ∏è
üëâüèª Hamza‚Ä¶",0,27,PellesTest,1507857841264246789,2022-03-26 23:11:38+00:00
kokicat2,,"RT @_weesf: üîπWhy does God deserve our worship‚ÅâÔ∏è
What's the meaning of that Martin Lings says:
A person can not worship anything ‚ÅâÔ∏è
üëâüèª Hamza‚Ä¶",0,27,Twitter Web App,1507857772628660231,2022-03-26 23:11:22+00:00
moo24652097,,"üì¢People who have been vaccinated in NZ.
#ChurArdern #ResignJacinda #nzpol #covid19nz #Omicron  #boosternz #wakeupnz‚Ä¶ https://t.co/NXqxMeskKM",0,0,Twitter Web App,1507857524816760834,2022-03-26 23:10:23+00:00
SwerianBot,The Interwebs,#fact : Claims that a research institute funded by the Gates Foundation owns the patent on the coronavirus are all‚Ä¶ https://t.co/6yEVJ3QVSI,0,0,plague-bot,1507857462174568448,2022-03-26 23:10:08+00:00
moo24652097,,"üì¢People who have been vaccinated in NZ.
#ChurArdern #ResignJacinda #nzpol #covid19nz #Omicron  #boosternz #wakeupnz‚Ä¶ https://t.co/b19thHGXn0",1,0,Twitter Web App,1507857448904032260,2022-03-26 23:10:05+00:00
24x7Page,Singapore,"Mr Wee's annual remuneration climbed by 11.5 per cent to $10.9 million for the financial year ended Dec 31, 2021, a‚Ä¶ https://t.co/W9klFQUpuZ",0,0,ContentStudio.io,1507857215117484034,2022-03-26 23:09:09+00:00
Lin_intheUK,"England, United Kingdom","RT @UKHSA: Latest weekly figures for the reproduction number (R) and growth rate of #coronavirus (#COVID19)
 
Statistics for England as of‚Ä¶",0,29,Twitter for iPhone,1507857031050506240,2022-03-26 23:08:25+00:00
prophetdaniel3,,"RT @prophetdaniel3: WATCH &amp; LISTEN LIVE: Join Daniel Whyte III for the ""Memorial Prayer Devotional Service for #Coronavirus Victims and The‚Ä¶",0,1,Twitter Web App,1507856815626743808,2022-03-26 23:07:34+00:00
globalhealthbot,,"RT @MicrobesInfo: Additional 8,774 #COVID-19 #coronavirus incidences added in #Floirda in the past week ... 

| #COVID19 | #infections | #P‚Ä¶",0,1,global health bot,1507856448214216706,2022-03-26 23:06:06+00:00
coronatracking1,US,#Coronavirus #COVID19 US Cases by Johns Hopkins CSSE as of 03/26/22 18:04 CDT https://t.co/LIpe8zAVZs,0,0,trackingbot2020,1507856036371312647,2022-03-26 23:04:28+00:00
PelleJons1,,RT @coronatracking1: #Coronavirus #COVID19 Global Cases by Johns Hopkins CSSE as of 03/26/22 18:00 CDT https://t.co/sQZYQJO6RG,0,1,PellesTest,1507856019766054920,2022-03-26 23:04:24+00:00
coronatracking1,US,#Coronavirus #COVID19 Global Cases by Johns Hopkins CSSE as of 03/26/22 18:00 CDT https://t.co/sQZYQJO6RG,1,1,trackingbot2020,1507856006822379522,2022-03-26 23:04:21+00:00
PelleJons1,,RT @CovidData2: New COVID-19 Data at 2022-03-26 07:00:00 pm EDT #Coronavirus #COVID19 #COVID_19 https://t.co/vvvfPCsy1j,0,1,PellesTest,1507855108217917441,2022-03-26 23:00:47+00:00
CovidData2,,New COVID-19 Data at 2022-03-26 07:00:00 pm EDT #Coronavirus #COVID19 #COVID_19 https://t.co/vvvfPCsy1j,1,1,coronaData_Test,1507855001145810948,2022-03-26 23:00:21+00:00
MicrobesInfo,Earth,"Additional 8,774 #COVID-19 #coronavirus incidences added in #Floirda in the past week ... 

| #COVID19 |‚Ä¶ https://t.co/wnJO5GRTHK",0,1,Buffer,1507854951195758607,2022-03-26 23:00:09+00:00
ContagionTrack,Pandemic,"Quarter Day #Coronavirus stats
479,264,761 - Confirmed
6,119,470 - Fatalities
0 - Recovered
1.28% - Total Fatality‚Ä¶ https://t.co/QlUCQwbB2c",0,0,Contagion Tracker,1507854924654145541,2022-03-26 23:00:03+00:00
qatarday,"Doha, Qatar","Qatar records 85 new COVID-19 cases 
 
#Qatar #COVID19 #Coronavirus #QatarNews #QatarDay 

https://t.co/ekm1I5xtrR",0,0,Twitter Web App,1507854919117717509,2022-03-26 23:00:01+00:00
aier,"Great Barrington, MA","#Coronavirus models nowhere included what ended up being our reality. Now, epidemiological modelers need to learn w‚Ä¶ https://t.co/LLHVNYyzjq",0,1,TweetDeck,1507854914701037570,2022-03-26 23:00:00+00:00
sp0r412,United States,"3/3
experience any vaccine side effects. In essence you are saying that the vaccinated have a 500% better chance of‚Ä¶ https://t.co/gpeFuBcx4V",0,0,Twitter for Android,1507854599327203332,2022-03-26 22:58:45+00:00
JanHussam,"Tabuk, Kingdom of Saudi Arabia","RT @_weesf: üîπWhy does God deserve our worship‚ÅâÔ∏è
What's the meaning of that Martin Lings says:
A person can not worship anything ‚ÅâÔ∏è
üëâüèª Hamza‚Ä¶",0,27,Twitter for iPhone,1507853947406536706,2022-03-26 22:56:10+00:00
macka_s94,,"RT @BBCNews: New deadly #coronavirus not infectious enough to pose global threat, researchers say http://t.co/oOscyDfHhN",0,20166,Twitter for iPhone,1507853849339514884,2022-03-26 22:55:46+00:00
IslamchoiceO,,"RT @_weesf: üîπWhy does God deserve our worship‚ÅâÔ∏è
What's the meaning of that Martin Lings says:
A person can not worship anything ‚ÅâÔ∏è
üëâüèª Hamza‚Ä¶",0,27,Twitter for iPhone,1507853674390900737,2022-03-26 22:55:05+00:00
The_seeker00,,"RT @_weesf: üîπWhy does God deserve our worship‚ÅâÔ∏è
What's the meaning of that Martin Lings says:
A person can not worship anything ‚ÅâÔ∏è
üëâüèª Hamza‚Ä¶",0,27,Twitter for iPhone,1507853594137092101,2022-03-26 22:54:46+00:00
ThewaytoGod0,,"RT @_weesf: üîπWhy does God deserve our worship‚ÅâÔ∏è
What's the meaning of that Martin Lings says:
A person can not worship anything ‚ÅâÔ∏è
üëâüèª Hamza‚Ä¶",0,27,Twitter for iPhone,1507853532552126466,2022-03-26 22:54:31+00:00
wmdt6,,"RT @_weesf: üîπWhy does God deserve our worship‚ÅâÔ∏è
What's the meaning of that Martin Lings says:
A person can not worship anything ‚ÅâÔ∏è
üëâüèª Hamza‚Ä¶",0,27,Twitter for iPhone,1507853474553372672,2022-03-26 22:54:17+00:00
waytoparadise10,,"RT @_weesf: üîπWhy does God deserve our worship‚ÅâÔ∏è
What's the meaning of that Martin Lings says:
A person can not worship anything ‚ÅâÔ∏è
üëâüèª Hamza‚Ä¶",0,27,Twitter for iPhone,1507853411651407880,2022-03-26 22:54:02+00:00
_weesf,,"RT @_weesf: üîπWhy does God deserve our worship‚ÅâÔ∏è
What's the meaning of that Martin Lings says:
A person can not worship anything ‚ÅâÔ∏è
üëâüèª Hamza‚Ä¶",0,27,Twitter for iPhone,1507853335805706241,2022-03-26 22:53:44+00:00
ParentSecurity,,California sends millions of COVID-19 tests to schools for the return from spring break | #coronavirus | #kids. |‚Ä¶ https://t.co/CjoGwd4wqw,0,0,WordPress.com,1507852671407083531,2022-03-26 22:51:06+00:00
TheFilipinoRN,Republic of the Philippines,"RT @NBTWORLDNews: Official COVID-19 update in Thailand
Saturday, 26 March 2022

* 3,503,264 people infected (+26,234)
* 3,228,284 recovered‚Ä¶",0,1,Twitter for iPhone,1507852060066123777,2022-03-26 22:48:40+00:00
Sun_Moon_13,Maldives,"RT @_covid_19_bot_: Cases: 479,496,584 (+2,382) 
Deaths: 6,120,237 (+39) 
Recovered: 0 (+0) 
Active Cases: 479,496,584 (100%)
Completed Cas‚Ä¶",0,2,The first bot lesson,1507852055934869513,2022-03-26 22:48:39+00:00
_covid_19_bot_,,"Cases: 479,496,584 (+2,382) 
Deaths: 6,120,237 (+39) 
Recovered: 0 (+0) 
Active Cases: 479,496,584 (100%)
Completed‚Ä¶ https://t.co/bps8ULnff9",0,2,Covid-19 Bot,1507851653394968577,2022-03-26 22:47:03+00:00
ChaseBoye1,At Large...‚úàÔ∏è,RT @ChaseBoye1: üåêTTMWWüåê‚Ñ¢‚ñ´ For your concern &amp; safety our magazine is giving you the news from the (#CDC) about the #Coronavirus in realtime.‚Ä¶,0,111,Twitter Web App,1507850509209808896,2022-03-26 22:42:30+00:00
The_Realtors923,,We are ready to take care of your dental health with all safety protocols! Call us and schedule an appointment.‚Ä¶ https://t.co/ptNvNt5WBh,0,0,practina,1507850167508111360,2022-03-26 22:41:09+00:00
SwerianBot,The Interwebs,#lie : Rinsing your nose with saline can help prevent infection with the new coronavirus. #coronavirus https://t.co/uaMACUANur,0,1,plague-bot,1507850098776100865,2022-03-26 22:40:52+00:00
travelinggamer0,Florida,"Anyone else miss the lockdown? No? Just me? Okay.....

#introvert
#lockdown #lockdownextension #pandemic #COVID19‚Ä¶ https://t.co/Gh4NDfvlGU",0,0,Twitter for Android,1507849886510682113,2022-03-26 22:40:02+00:00
ButterflyWrite,Australia,"RT @ButterflyWrite: #Australia weekend #inspiration 

Sharing #NewSouthWales #BarBearch #DixonPark #Merewether my homeland beach watch...‚Ä¶",0,27,Twitter for Android,1507848144469389313,2022-03-26 22:33:06+00:00
MothershipJLH,Ngambri/Ngunnawal country,Remember this? Apr 2020:  What is behind the mystery of the #RubyPrincess? Why was there so much inaction and gover‚Ä¶ https://t.co/eXrsUPUEQ9,1,0,Twitter Web App,1507847929004183553,2022-03-26 22:32:15+00:00
CovidData2,,New COVID-19 Data at 2022-03-26 06:30:00 pm EDT #Coronavirus #COVID19 #COVID_19 https://t.co/o1sKAB3GAh,0,0,coronaData_Test,1507847449804738570,2022-03-26 22:30:21+00:00
bearbull11,"Attiki, Greece","Why is South Korea, the model country for optimized #coronavirus containment, facing the highest per capita death r‚Ä¶ https://t.co/o2H7P7MNfQ",1,0,Twitter Web App,1507847335136661511,2022-03-26 22:29:53+00:00
corona_tweet,,"RT @npb_prediction: Information about #Coronavirus . New confirmed cases on 3/25 were following, Turkey: 15303, Brazil: 34201, South Korea:‚Ä¶",0,1,CoronaTweetBot,1507845784162742273,2022-03-26 22:23:44+00:00
sdfiek,,"RT @92Y: 1/As #NYC &amp; our nation commemorate 2 years of crisis &amp; loss from the #coronavirus pandemic, please join us 3/29 for a behind-the-s‚Ä¶",0,82,Twitter Web App,1507845405240807428,2022-03-26 22:22:13+00:00
npb_prediction,Japan,"Information about #Coronavirus . New confirmed cases on 3/25 were following, Turkey: 15303, Brazil: 34201, South Ko‚Ä¶ https://t.co/HZ7s6e72h3",0,1,npb-bot,1507844928373616640,2022-03-26 22:20:19+00:00
rngfarmer74,"Georgia, USA",@denio_vale @foofighters @taylorhawkins Well lookie here. See how #taylorhawkins died. Does form chest pains. Abs h‚Ä¶ https://t.co/4n0g0Cxlkp,0,0,Twitter for iPhone,1507844628950700033,2022-03-26 22:19:08+00:00
OGrady_Texas,,"RT @92Y: 1/As #NYC &amp; our nation commemorate 2 years of crisis &amp; loss from the #coronavirus pandemic, please join us 3/29 for a behind-the-s‚Ä¶",0,82,Twitter Web App,1507844370065768453,2022-03-26 22:18:06+00:00
NKoronawirusa,,#coronavirus #COVID19 Data from https://t.co/9Bgrla1QgX #wsp√≥≈ÇczynnikZapadalno≈õci https://t.co/P9Oh44CkAZ,0,0,NIKWapp,1507844348955738115,2022-03-26 22:18:01+00:00
NKoronawirusa,,#coronavirus #COVID19 Data from https://t.co/wNp3OVRtP8 https://t.co/RhYDgXuAeF,0,0,NIKWapp,1507844250179940355,2022-03-26 22:17:38+00:00
NKoronawirusa,,#coronavirus #COVID19 Data from https://t.co/wNp3OVRtP8 https://t.co/hV77IDMNUE,0,0,NIKWapp,1507844240646283267,2022-03-26 22:17:36+00:00
NKoronawirusa,,#coronavirus #COVID19 Data from https://t.co/wNp3OVRtP8 https://t.co/LiQh7aFfG7,0,0,NIKWapp,1507844230445682688,2022-03-26 22:17:33+00:00
NKoronawirusa,,#coronavirus #COVID19 Data from https://t.co/wNp3OVRtP8 https://t.co/TuuoTZIZ2H,0,0,NIKWapp,1507844219129536518,2022-03-26 22:17:30+00:00
jjaranaz94,Lee aqu√≠ üëáüèº el √∫ltimo TEVDA,"RT @jjaranaz94: ""#PedaZitosDeVuelta (III)"" con #RaquelEspuelas:

https://t.co/ouLWfsA5ZD

#FinEstadoDeAlarma #ToqueDeQueda #Covid19 #Covid_‚Ä¶",0,79,Twitter for Android,1507844021879816197,2022-03-26 22:16:43+00:00
NKoronawirusa,,Total deaths as % of total deaths in Sweden (Europe) #coronavirus #COVID19 Data from https://t.co/wNp3OVRtP8 https://t.co/iyiD5ZjJPR,0,0,NIKWapp,1507843932927016960,2022-03-26 22:16:22+00:00
NKoronawirusa,,#coronavirus #COVID19 Data from https://t.co/wNp3OVRtP8 https://t.co/niEziYaWm7,0,0,NIKWapp,1507843921342349312,2022-03-26 22:16:19+00:00
NKoronawirusa,,#coronavirus #COVID19 Data from https://t.co/wNp3OVRtP8 https://t.co/U9Zl9DlRZ5,0,0,NIKWapp,1507843911590555655,2022-03-26 22:16:17+00:00
NKoronawirusa,,#coronavirus #COVID19 Data from https://t.co/wNp3OVRtP8 https://t.co/GbBOsHXMTL,0,0,NIKWapp,1507843897065672718,2022-03-26 22:16:14+00:00
NKoronawirusa,,#coronavirus #COVID19 Data from https://t.co/wNp3OVRtP8 https://t.co/szmwBAibKT,0,0,NIKWapp,1507843884906336256,2022-03-26 22:16:11+00:00
lifeisgoodRuth,,RT @NHSAbility: There are #NHS treatments for people with #coronavirus who are likely to get very ill. You will receive a letter from the N‚Ä¶,0,3,Twitter for iPhone,1507843497990184967,2022-03-26 22:14:38+00:00
GoodGravySMH,,"RT @DrPanMD: ‚Äúamid #omicron , natural immunity is clearly rubbish.
Unvaccinated people who recover from an omicron #coronavirus variant inf‚Ä¶",0,19,Twitter for Android,1507843156863238156,2022-03-26 22:13:17+00:00
AliciaBezek,Ciudad Aut√≥noma de Buenos Aire,"RT @EduCannotWait: #COVID19 is disrupting education globally.  For children &amp; youth already affected by armed conflicts, displacement &amp; dis‚Ä¶",0,25,Twitter for Android,1507843119315783682,2022-03-26 22:13:08+00:00
SptsGuy1,"Rural Hall, NC","#covid19 #explained COVID EXPLAINED IN VIDEO LINKS #coronavirus #pandemic #virus
https://t.co/L7Vhy0lJCV https://t.co/K1vbgydlmZ",0,0,Twitter Web App,1507842689819107328,2022-03-26 22:11:26+00:00
newhairdodaily,USA,"RT @sofiartmedia: Happy Easter Holiday Face Mask Design
15% Off
#zazzle #zazzlemade #artwork #art #easter #spring #greeting #party #birthda‚Ä¶",0,84,Twitter Web App,1507842611574235137,2022-03-26 22:11:07+00:00
jjaranaz94,Lee aqu√≠ üëáüèº el √∫ltimo TEVDA,"RT @jjaranaz94: ""En 'stand-by(e)'"" (#TEVDAdeVerano):

https://t.co/OqJWFKOCTI

#FinEstadoDeAlarma #FinToqueDeQueda #FinMascarilla #Covid19‚Ä¶",0,68,Twitter for Android,1507842266530000906,2022-03-26 22:09:45+00:00
NKoronawirusa,,#coronavirus #COVID19 Data from https://t.co/wNp3OVRtP8 https://t.co/JbpJBWzdwJ,0,0,NIKWapp,1507841983338979346,2022-03-26 22:08:37+00:00
NKoronawirusa,,#coronavirus #COVID19 Data from https://t.co/wNp3OVRtP8 https://t.co/0qwejXWgTe,0,0,NIKWapp,1507841974069571586,2022-03-26 22:08:35+00:00
NKoronawirusa,,#coronavirus #COVID19 Data from https://t.co/wNp3OVRtP8 https://t.co/jy7cNRv0sy,0,0,NIKWapp,1507841963076239360,2022-03-26 22:08:33+00:00
RelaxIntuit,U.S.,"PM Meditation from @relaxintuit:
Exhaling worry...uncertainty... I inhale Patience and Hope, and I drift into soft,‚Ä¶ https://t.co/30aDYYKT7g",1,0,Twitter Web App,1507841685723750403,2022-03-26 22:07:26+00:00
tprzechlewski,Sopot,#coronavirus #COVID19 Data from https://t.co/BEwcDRy3Hb https://t.co/Y4fYUSH2DA,0,0,tprzechlewski.app,1507841615863468035,2022-03-26 22:07:10+00:00
tprzechlewski,Sopot,#coronavirus #COVID19 Data from https://t.co/BEwcDRy3Hb https://t.co/VgV5dLFtuX,0,0,tprzechlewski.app,1507841606984081408,2022-03-26 22:07:08+00:00
tprzechlewski,Sopot,#coronavirus #COVID19 Data from https://t.co/BEwcDRy3Hb https://t.co/M2uhZEHKhh,0,0,tprzechlewski.app,1507841596527714305,2022-03-26 22:07:05+00:00
MadPhysiologist,DC metro explant,"RT @DrPanMD: ‚Äúamid #omicron , natural immunity is clearly rubbish.
Unvaccinated people who recover from an omicron #coronavirus variant inf‚Ä¶",0,19,Twitter for iPhone,1507841068322152459,2022-03-26 22:04:59+00:00
ZakerAditya,Bangladesh,"RT @EduCannotWait: #COVID19 is disrupting education globally.  For children &amp; youth already affected by armed conflicts, displacement &amp; dis‚Ä¶",0,25,Twitter for Android,1507841030225227776,2022-03-26 22:04:50+00:00
danijade85,"bournemouth
",You know you‚Äôve got covid when you can‚Äôt even smell vix vapour rub ü¶† #Covid_19 #covid19UK #coronavirus #CoronavirusUpdates,0,0,Twitter for iPhone,1507840717489639430,2022-03-26 22:03:36+00:00
SIGILUX,Plague Swamp,RT @etkelley419: 47) We have now reached pt where so many people have had #COVID19  &amp; so many people have been vaccinated that we have deve‚Ä¶,0,19,Twitter for iPhone,1507840466598998019,2022-03-26 22:02:36+00:00
SwerianBot,The Interwebs,"Oh, for Christ sake @CovidData2 Remember when @RealDonaldTrump said 'Think of it: 151 countries. Somebody said to m‚Ä¶ https://t.co/lWyy3XJqlg",0,0,plague-bot,1507840064335888391,2022-03-26 22:01:00+00:00
jelena_borak,,"RT @EduCannotWait: #COVID19 is disrupting education globally.  For children &amp; youth already affected by armed conflicts, displacement &amp; dis‚Ä¶",0,25,Twitter for iPhone,1507840012183904256,2022-03-26 22:00:47+00:00
CovidData2,,New COVID-19 Data at 2022-03-26 06:00:00 pm EDT #Coronavirus #COVID19 #COVID_19 https://t.co/VuxqroKPgR,0,0,coronaData_Test,1507839904977498112,2022-03-26 22:00:22+00:00
DawnRoseTurner,New Songhees (Esquimalt) BC,"RT @ScienceNotDogma: ""Among the 80k children with #coronavirus in the studies, 25% developed symptoms that lasted at least 4-12 weeks, or n‚Ä¶",0,6,Twitter for Android,1507839661812568068,2022-03-26 21:59:24+00:00
susanbeeha,"Columbus, OH","RT @DrPanMD: ‚Äúamid #omicron , natural immunity is clearly rubbish.
Unvaccinated people who recover from an omicron #coronavirus variant inf‚Ä¶",0,19,Twitter for iPhone,1507839404244705283,2022-03-26 21:58:22+00:00
_zbkamara,"Washington, D.C.",Making good progress and responding well to treatment. #coronavirus,3,0,Twitter for iPhone,1507839323290443777,2022-03-26 21:58:03+00:00
NYHealthpost,"New York, USA",Heart: A study in China found that 20% of patients hospitalized with COVID-19 had some heart damage. Some doctors i‚Ä¶ https://t.co/4gTJsAQJ8j,0,0,Twitter for Android,1507838765938708481,2022-03-26 21:55:50+00:00
NYHealthpost,"New York, USA","How COVID-19
affects different organs of the body.
Earlier reports from around the world were showing that the‚Ä¶ https://t.co/w7WgZRy8gc",0,0,Twitter for Android,1507838763631886343,2022-03-26 21:55:50+00:00
SIGILUX,Plague Swamp,"RT @etkelley419: 32) Pretty soon we will have shot that prevents ALL #coronavirus infections so we won't need more shots in future

A: Pan‚Ä¶",0,15,Twitter for iPhone,1507837779593605123,2022-03-26 21:51:55+00:00
JBTMPRSA,USA,RT @be_in_Bangkok: CAAT tells Thai Airways to fly Boeing 737-800 with extra caution. #Thailand #Bangkok #Phuket #Samui #Pattaya #Ayutthaya‚Ä¶,0,2,Twitter for iPad,1507837340936556547,2022-03-26 21:50:10+00:00
EspenWethe,"Oslo, Norway","RT @maxplanckpress: The #coronavirus not only infects the human retina, but can also replicate in it. A new study @MPI_Muenster &amp; @WWU_Muen‚Ä¶",0,185,Twitter Web App,1507837252260573187,2022-03-26 21:49:49+00:00
JBTMPRSA,USA,RT @be_in_Bangkok: Old Bangkok lights path out of pandemic with eye-popping 'Awakening' street illuminations. #Thailand #Bangkok #Phuket #S‚Ä¶,0,2,Twitter for iPad,1507837171201363979,2022-03-26 21:49:30+00:00
eliowa,CID/SIN,"RT @DrPanMD: ‚Äúamid #omicron , natural immunity is clearly rubbish.
Unvaccinated people who recover from an omicron #coronavirus variant inf‚Ä¶",0,19,Twitter Web App,1507837117153619971,2022-03-26 21:49:17+00:00
BCNewsWire,Worldwide,"#HongKong reports 8,841 new daily #coronavirus infections #worldnews https://t.co/LHso5fQ1IX",0,0,Twitter for iPhone,1507837052729139203,2022-03-26 21:49:02+00:00
Sun_Moon_13,Maldives,"RT @_covid_19_bot_: Cases: 479,494,202 (+0) 
Deaths: 6,120,198 (+72) 
Recovered: 0 (+0) 
Active Cases: 479,494,202 (100%)
Completed Cases:‚Ä¶",0,1,The first bot lesson,1507836965219192834,2022-03-26 21:48:41+00:00
pember_emily,"Lubbock, TX",RT @3Sports_Za: üì∏ Gabriela Windey was a cheerleader and now works as a nurse on 12-hour shifts against #coronavirus in the USA. https://t.c‚Ä¶,0,2,Twitter for iPhone,1507836897850179587,2022-03-26 21:48:25+00:00
PCOSVitality,United Kingdom,RT @HealthyFellow: Serum #Vitamin D in #Pregnant Women w/ #Coronavirus Disease 2019 (#COVID19): A Case-Control Study Attn: ‚Å¶@_atanas_‚Å© ‚Å¶@_I‚Ä¶,0,4,Twitter for iPhone,1507836596846010368,2022-03-26 21:47:13+00:00
_covid_19_bot_,,"Cases: 479,494,202 (+0) 
Deaths: 6,120,198 (+72) 
Recovered: 0 (+0) 
Active Cases: 479,494,202 (100%)
Completed Cas‚Ä¶ https://t.co/TjTOYNVv1x",0,1,Covid-19 Bot,1507836550549323787,2022-03-26 21:47:02+00:00
RasmussenLuanne,,RT @2StefanMoore: If we all just got Together &amp; Worked on a Cure for #Cancer just as we did with the #CoronaVirus ü§î,0,6,Twitter for iPhone,1507836394923778048,2022-03-26 21:46:25+00:00
abeycom47,"Lagos, Nigeria","All of a sudden,it feels like #coronavirus is no more. Not even a single soul with a mask on again. What is the way forward???",0,0,Twitter for Android,1507836315131428871,2022-03-26 21:46:06+00:00
_covid_19_bot_,,"Cases: 479,494,202 (+7,989) 
Deaths: 6,120,126 (+0) 
Recovered: 0 (+0) 
Active Cases: 479,494,202 (100%)
Completed‚Ä¶ https://t.co/ewbPwVEVhM",0,0,Covid-19 Bot,1507836302527537157,2022-03-26 21:46:03+00:00
DukeAbuhut,"Bayern, Deutschland","RT @infobeautiful: UPDATED: Most (and least) effective treatments &amp; drugs for the #COVID19 #Coronavirus, according to the latest scientific‚Ä¶",0,14,Twitter for iPhone,1507835627588526080,2022-03-26 21:43:22+00:00
KeySpeculator,"Laurel Highlands, Pennsylvania",#Covid_19 Article 72 is out with 17 new #coronavirus #charts https://t.co/MhCZC4lGZy #CNN #FoxNews #msnbc #newsmax‚Ä¶ https://t.co/nZ31seZQBZ,0,0,Twitter Web App,1507835625365553160,2022-03-26 21:43:21+00:00
SwerianBot,The Interwebs,Good God @LAupDates #fact : That coronavirus pandemic is 'fake' and 'truly a farce' is the claim of a holistic doct‚Ä¶ https://t.co/IZXNV4HQ8i,0,0,plague-bot,1507835015203274753,2022-03-26 21:40:56+00:00
SIGILUX,Plague Swamp,"RT @etkelley419: Eventually, people who get seasonal cold or Ô¨Çu, usually get it again. 
Everyone who gets #COVID19 can get it again too. It‚Ä¶",0,26,Twitter for iPhone,1507834818570211329,2022-03-26 21:40:09+00:00
watergatesummer,nyc,"RT @LEAD_Coalition: I wear two masks in public (and am triple vaccinated) because I believe in humility, #kindness, community... and #scien‚Ä¶",0,273,Twitter for Android,1507834417640878087,2022-03-26 21:38:34+00:00
LAupDates,"Los Angeles, CA",I see a lot of people hacking and coughing in stores without a mask.  The very least is if you are sick then wear a‚Ä¶ https://t.co/BP8iJ4Z0jj,0,0,Twitter for iPhone,1507834382131761152,2022-03-26 21:38:25+00:00
JackPolakoff,New York City,@JakeEvansGA Try not to catch #coronavirus as you soak up the #formerguy litany of whining and lying about his thum‚Ä¶ https://t.co/U6xBJDw7v7,0,0,Twitter Web App,1507833746187329538,2022-03-26 21:35:53+00:00
saltedbayonet,Denver,"RT @sofiartmedia: Cute Bunny Ears Happy Easter Adult Cloth Face Mask 
15% OFF
#zazzle #zazzlemade #artwork #cartoon #animal #easter #spring‚Ä¶",0,6,Twitter for Android,1507833729296781313,2022-03-26 21:35:49+00:00
lov3enCasa,Borahae Land,"RT @maxplanckpress: The #coronavirus not only infects the human retina, but can also replicate in it. A new study @MPI_Muenster &amp; @WWU_Muen‚Ä¶",0,185,Twitter for Android,1507833549373726731,2022-03-26 21:35:07+00:00
Gooigi3,"Cedar Hill, TX","RT @subgap: Coronavirus Update:
‚ò£Ô∏èÔ∏è Total cases: 480,664,425 (+218,950) ‚ò£Ô∏èÔ∏è
‚ö†Ô∏è Current cases: 59,678,659 (+142,431) ‚ö†Ô∏è
‚ö∞Ô∏è Deaths: 6,145,082‚Ä¶",0,1,Twitter for iPhone,1507833499008520195,2022-03-26 21:34:55+00:00
rngfarmer74,"Georgia, USA",@foofighters Well lookie here. See how #taylorhawkins died. Does form chest pains. Abs he was in perfect health. He‚Ä¶ https://t.co/puPyDLrObw,0,0,Twitter for iPhone,1507832929849860109,2022-03-26 21:32:39+00:00
rngfarmer74,"Georgia, USA",Well lookie here. See how #taylorhawkins died. Does form chest pains. Abs he was in perfect health. He toot 2 of th‚Ä¶ https://t.co/ah1CzO6P8Y,0,0,Twitter for iPhone,1507832878150815746,2022-03-26 21:32:26+00:00
subgap,The Netherlands,"Coronavirus Update:
‚ò£Ô∏èÔ∏è Total cases: 480,664,425 (+218,950) ‚ò£Ô∏èÔ∏è
‚ö†Ô∏è Current cases: 59,678,659 (+142,431) ‚ö†Ô∏è
‚ö∞Ô∏è Death‚Ä¶ https://t.co/d7Fex2eUxh",2,1,CoronaVirus Bot by Sloth,1507832764992790537,2022-03-26 21:32:00+00:00
kakirajinja,,"RT @safaperaje: The way you protect yourself from #CoronaVirus, you have to protect yourself from them. Some Salman will become Suresh, som‚Ä¶",0,11,Twitter for Android,1507832450046730255,2022-03-26 21:30:44+00:00
CovidData2,,New COVID-19 Data at 2022-03-26 05:30:00 pm EDT #Coronavirus #COVID19 #COVID_19 https://t.co/cLThORvuiL,0,0,coronaData_Test,1507832349349847044,2022-03-26 21:30:20+00:00
muthaComputer,the internet,mC:&gt; covid-19 (#coronavirus) worldwide data: https://t.co/TC5tHqlFI7 #,0,0,IFTTT,1507832113869041669,2022-03-26 21:29:24+00:00
KarenJu62258050,,RT @NurseGroups: How Common Are Cognitive Symptoms Of #LongCOVID? #COVID19 #COVID #coronavirus https://t.co/sUOdHnbgQn,0,3,Twitter for iPhone,1507831807676407819,2022-03-26 21:28:11+00:00
corona_tweet,,RT @KeySpeculator: #Coronavirus Chronology Article 72 with 17 new #charts. https://t.co/MhCZC4lGZy #HarvardHealth #AMA #Pfizer #Moderna #Bi‚Ä¶,0,1,CoronaTweetBot,1507830728884736006,2022-03-26 21:23:54+00:00
booly_tier1,"London, United Kingdom","RT @Sprite4it: Healthcare and Medical - PowerPoint Presentation Template 
https://t.co/Ff3KpBp6vI

#DigitalMarketing #BigData #startups #St‚Ä¶",0,3,booly_tier1,1507830703014256649,2022-03-26 21:23:48+00:00
booly_tier1,"London, United Kingdom","RT @Sprite4it: Best Construction PowerPoint Presentation Template 
https://t.co/3dZJKOZLRT

#DigitalMarketing #BigData #startups #StartUp #‚Ä¶",0,2,booly_tier1,1507830701277786113,2022-03-26 21:23:47+00:00
corona_tweet,,RT @ParentSecurity: Millions in COVID-19 aid funds spur Middletown Schools upgrades | #coronavirus | #kids. | #children |¬†#schools https://‚Ä¶,0,1,CoronaTweetBot,1507830676640477188,2022-03-26 21:23:42+00:00
corona_tweet,,RT @gWoodi: #World is #suffering cause of #coronavirus. Apart from #NewZealand &amp; some other #countries all countries R suffering. People di‚Ä¶,0,1,CoronaTweetBot,1507830650929352714,2022-03-26 21:23:35+00:00
Sprite4it,,"RT @Sprite4it: Best Construction PowerPoint Presentation Template 
https://t.co/3dZJKOZLRT

#DigitalMarketing #BigData #startups #StartUp #‚Ä¶",0,2,Twitter Web App,1507830544641495043,2022-03-26 21:23:10+00:00
KeySpeculator,"Laurel Highlands, Pennsylvania",#Coronavirus Chronology Article 72 with 17 new #charts. https://t.co/MhCZC4lGZy #HarvardHealth #AMA #Pfizer‚Ä¶ https://t.co/SQgidnkYQ0,0,1,Twitter Web App,1507830506993377282,2022-03-26 21:23:01+00:00
Sprite4it,,"RT @Sprite4it: Healthcare and Medical - PowerPoint Presentation Template 
https://t.co/Ff3KpBp6vI

#DigitalMarketing #BigData #startups #St‚Ä¶",0,3,Twitter Web App,1507830488802676738,2022-03-26 21:22:57+00:00
SwerianBot,The Interwebs,Hey @ParentSecurity Remember when @RealDonaldTrump said 'It‚Äôs going to disappear. One day it‚Äôs like a miracle ‚Äì it‚Ä¶ https://t.co/21877oj2AS,0,0,plague-bot,1507829853080408071,2022-03-26 21:20:25+00:00
ParentSecurity,,Millions in COVID-19 aid funds spur Middletown Schools upgrades | #coronavirus | #kids. | #children |¬†#schools https://t.co/OnOZaXKdLN,0,1,WordPress.com,1507829787707944962,2022-03-26 21:20:10+00:00
gWoodi,United Kingdom,#World is #suffering cause of #coronavirus. Apart from #NewZealand &amp; some other #countries all countries R sufferin‚Ä¶ https://t.co/Da5s59QG4n,0,1,Tweet Suite,1507829503883718665,2022-03-26 21:19:02+00:00
KeySpeculator,"Laurel Highlands, Pennsylvania",#Coronavirus Chronology Article  72 is published with 17 new charts. https://t.co/MhCZC4lGZy #CDC #WHO #FDA #NIH‚Ä¶ https://t.co/iYZYHCij5H,0,0,Twitter Web App,1507829394181701642,2022-03-26 21:18:36+00:00
Fakten007,,RT @Thomas_Wilckens: Updated Cochrane report: Weak evidence supports the use of international travel-related control measures to limit the‚Ä¶,0,1,Twitter Web App,1507828835190034432,2022-03-26 21:16:23+00:00
TrasElValle_OBC,Lee aqu√≠ üëáüèº el √∫ltimo TEVDA,"RT @jjaranaz94: ""En 'stand-by(e)'"" (#TEVDAdeVerano):

https://t.co/OqJWFKOCTI

#FinEstadoDeAlarma #FinToqueDeQueda #FinMascarilla #Covid19‚Ä¶",0,69,Twitter for Android,1507827359940022281,2022-03-26 21:10:31+00:00
China__Focus,"Beijing, China","The #US prematurely declares victory over #coronavirus, gives up on preventative measures, and is surprised when th‚Ä¶ https://t.co/5yh4RUdpVz",0,0,Twitter Web App,1507827229497212937,2022-03-26 21:10:00+00:00
iClevercat,"Porpoise Pit, WA, Australia","How we are deceived

#coronavirus 

Con-a-virus

#omicron 

Oh my a con

WHO had a meeting to decide what to call i‚Ä¶ https://t.co/O3ZZz6aC0w",0,0,Twitter Web App,1507825845427052547,2022-03-26 21:04:30+00:00
KellyTurberfie1,Victoria BC,"RT @ScienceNotDogma: ""Among the 80k children with #coronavirus in the studies, 25% developed symptoms that lasted at least 4-12 weeks, or n‚Ä¶",0,6,Twitter for iPhone,1507825684357390337,2022-03-26 21:03:51+00:00
jamesvgingerich,"Waterloo, Ontario Canada",Covid two years on: what businesses have learnt. (Raconteur) #CoronaVirus #COVID„Éº19 #COVID19 #CoronaVirusOutbreak‚Ä¶ https://t.co/mvJXxkGFkg,2,0,Buffer,1507825508238696455,2022-03-26 21:03:09+00:00
CovidData2,,New COVID-19 Data at 2022-03-26 05:00:01 pm EDT #Coronavirus #COVID19 #COVID_19 https://t.co/2VIFHb9iC5,0,0,coronaData_Test,1507824799845793792,2022-03-26 21:00:20+00:00
Faithacct,,"Let's stay vigilant as we move towards an 'endemic' policy!

#HowAboutNow #cc4cc #vaccine #nonvaccine #ceem‚Ä¶ https://t.co/2zV2APTi7W",0,0,Hootsuite Inc.,1507824770146086919,2022-03-26 21:00:13+00:00
natisthecure3,,RT @CristinaDragani: A study in Belgium showed that saliva analysis was superior to nasopharyngeal swab for #Omicron variant detection. For‚Ä¶,0,7,Twitter Web App,1507823686237237252,2022-03-26 20:55:55+00:00
radishramzzzzzz,,"RT @meeracomposes: #Transphobic Posters at Ameerpet Metro Station reads: 

‚ÄúWarning: Do not allow Kojja, Hijras near the shops. If you talk‚Ä¶",0,51,Twitter for Android,1507823655840980992,2022-03-26 20:55:48+00:00
patrickwellin12,,Back to the Office- Day 738 - Peace Postbox #PrimroseHill #BelsizePark #Camden #coronavirus #COVID #sunny #Spring https://t.co/WSe2u7XQDc,1,0,Twitter for iPhone,1507823061353050112,2022-03-26 20:53:26+00:00
newfxfs,,RT @CristinaDragani: A study in Belgium showed that saliva analysis was superior to nasopharyngeal swab for #Omicron variant detection. For‚Ä¶,0,7,Twitter Web App,1507823043606949898,2022-03-26 20:53:22+00:00
CensusPK,Pakistan,RT @TheGlobalHerald: Hong Kong‚Äôs growing homeless community is feeling the pains of the #Pandemic - https://t.co/EV1Btu241N - #Asia #Census‚Ä¶,0,1,Census 2017,1507822883803910156,2022-03-26 20:52:44+00:00
SwerianBot,The Interwebs,"#fact : To date, there is no specific medicine recommended to prevent or treat the new coronavirus (2019-nCoV).‚Ä¶ https://t.co/DTu8R37VYL",0,0,plague-bot,1507822428893941763,2022-03-26 20:50:55+00:00
Escritordefutu1,"Barcelona, Espa√±a",RT @CristinaDragani: A study in Belgium showed that saliva analysis was superior to nasopharyngeal swab for #Omicron variant detection. For‚Ä¶,0,7,Twitter Web App,1507822397717626887,2022-03-26 20:50:48+00:00
DrKristieLeong,"Roanoke, VA",RT @CristinaDragani: A study in Belgium showed that saliva analysis was superior to nasopharyngeal swab for #Omicron variant detection. For‚Ä¶,0,7,Twitter for iPhone,1507822230893432833,2022-03-26 20:50:08+00:00
ArualanaPG,M√©xico.,"RT @IDClinics: Don‚Äôt miss this important issue of #Infectious #Disease Clinics on #Pediatric #Infections, edited by @RebeccaSame @JasonGNew‚Ä¶",0,12,Twitter for Android,1507822081060265987,2022-03-26 20:49:32+00:00
Sun_Moon_13,Maldives,"RT @be_in_Bangkok: BMA and CCSA will meet Monday, decide on Songkran water splashing in Bangkok. #Thailand #Bangkok #Phuket #Samui #Pattaya‚Ä¶",0,1,The first bot lesson,1507821835601207299,2022-03-26 20:48:34+00:00
Sun_Moon_13,Maldives,"RT @_covid_19_bot_: Cases: 479,486,213 (+0) 
Deaths: 6,120,126 (+34) 
Recovered: 0 (+0) 
Active Cases: 479,486,213 (100%)
Completed Cases:‚Ä¶",0,1,The first bot lesson,1507821809898557443,2022-03-26 20:48:28+00:00
be_in_Bangkok,Germany,"BMA and CCSA will meet Monday, decide on Songkran water splashing in Bangkok. #Thailand #Bangkok #Phuket #Samui‚Ä¶ https://t.co/IxnORUk18V",1,1,Twitter Web App,1507821462945677318,2022-03-26 20:47:05+00:00
_covid_19_bot_,,"Cases: 479,486,213 (+0) 
Deaths: 6,120,126 (+34) 
Recovered: 0 (+0) 
Active Cases: 479,486,213 (100%)
Completed Cas‚Ä¶ https://t.co/wstqGuz5eT",0,1,Covid-19 Bot,1507821453126815754,2022-03-26 20:47:03+00:00
_covid_19_bot_,,"Cases: 479,486,213 (+1,841) 
Deaths: 6,120,092 (+0) 
Recovered: 0 (+0) 
Active Cases: 479,486,213 (100%)
Completed‚Ä¶ https://t.co/4YUVuYYWoU",0,0,Covid-19 Bot,1507820951383257088,2022-03-26 20:45:03+00:00
be_in_Bangkok,Germany,TAT launches new ‚ÄòMonopoly: Phuket Edition‚Äô board game. #Thailand #Bangkok #Phuket #Samui #Pattaya #Ayutthaya‚Ä¶ https://t.co/b5PQXba8z6,1,0,Twitter Web App,1507820836882944006,2022-03-26 20:44:36+00:00
kelownascott,Kamloops BC,RT @Vote4Progress: Mainstream media leads with Afghanistan (war) instead of #coronavirus. Shame on our government and the elite well to do‚Ä¶,0,5,Twitter Web App,1507820570565496832,2022-03-26 20:43:32+00:00
korvin_7,"Ukraine, Kyiv","RT @fotograhper: Watch full video on yt channel.
#TeamASide #DiaMundialDelArte #schuloeffnung #ÿßŸÜŸÇÿ∞Ÿàÿß_ŸÖŸÉÿ©_ŸÖŸÜ_ÿßŸÑÿ®ÿ±ŸÖÿßŸàŸäÿ© #FelizMiercoles #GOT‚Ä¶",0,18,Twitter for Android,1507820337148350471,2022-03-26 20:42:36+00:00
DanCady,"Flagstaff, AZ","RT @ScienceNotDogma: ""Among the 80k children with #coronavirus in the studies, 25% developed symptoms that lasted at least 4-12 weeks, or n‚Ä¶",0,6,Twitter Web App,1507820178205122560,2022-03-26 20:41:59+00:00
gffcontwitch,united kingdom,#Coronavirus virus 2019? Didn't the #pandemic start in 2020? @WHO @IndependentSage @BorisJohnson @sajidjavid anyone‚Ä¶ https://t.co/u5uXAg0dTI,0,0,Twitter for Android,1507819083940732939,2022-03-26 20:37:38+00:00
11pistache,,"üéûÔ∏èhttps://t.co/M4ir8VgDYT @JeanRobinMedia @JRNyquist
You attack the Baltic states, you activate article 5 of the‚Ä¶ https://t.co/W1p9Pq0zq5",0,0,Twitter for Android,1507818990302859268,2022-03-26 20:37:15+00:00
WeAteAllTheDodo,Corporate,"@ABC Good to see our #COVID-at-risk leader out there anti-masking it up in the test-evading #Omicron #BA2Variant, s‚Ä¶ https://t.co/3XkEiI8AhF",0,0,Twitter Web App,1507818131506487300,2022-03-26 20:33:51+00:00
CovidData2,,New COVID-19 Data at 2022-03-26 04:30:00 pm EDT #Coronavirus #COVID19 #COVID_19 https://t.co/xFzEvEHXHS,0,0,coronaData_Test,1507817250203471872,2022-03-26 20:30:20+00:00
SwerianBot,The Interwebs,Hey @AmrinMalek Remember when @BorisJohnson said 'Schools should only close if they are specifically advised to do‚Ä¶ https://t.co/v6qPHNdMgT,0,0,plague-bot,1507817200140365830,2022-03-26 20:30:09+00:00
dhillo_ali,"Lahore , Pakistan","RT @AzharLaghari_: An excellent speech by Singapore‚Äôs Health Minister Mr. Gan Kim Yong. 

An excellent way of describing #coronavirus #Coro‚Ä¶",0,30061,Twitter for Android,1507816710002384901,2022-03-26 20:28:12+00:00
strebormt,Australia,"RT @ScienceNotDogma: ""Among the 80k children with #coronavirus in the studies, 25% developed symptoms that lasted at least 4-12 weeks, or n‚Ä¶",0,6,Twitter for Android,1507816701563326464,2022-03-26 20:28:10+00:00
AmrinMalek,SouthernAfrica/Eastern Europe ,Get vaccinated as soon as it‚Äôs your turn to protect yourself from serious COVID-19 disease and death. #coronavirus‚Ä¶ https://t.co/C9ceqQuD2H,1,0,Twitter for Android,1507816571221250054,2022-03-26 20:27:39+00:00
biden_helen,,"RT @VoiceoftheBund: The #rain will pass, looking forward to the arrival of the sunshine . #‰∏äÊµ∑ Âä†Ê≤πÔºåÁà±Âú®‰∏ÄËµ∑ÔºÅ#epidemic #Áñ´ÊÉÖ #coronavirus #Omicron #‚Ä¶",0,1,Twitter for iPhone,1507816329591783424,2022-03-26 20:26:41+00:00
corona_tweet,,RT @HealthyFellow: Serum #Vitamin D in #Pregnant Women w/ #Coronavirus Disease 2019 (#COVID19): A Case-Control Study Attn: ‚Å¶@_atanas_‚Å© ‚Å¶@_I‚Ä¶,0,4,CoronaTweetBot,1507815662567280646,2022-03-26 20:24:02+00:00
corona_tweet,,"RT @ScienceNotDogma: ""Among the 80k children with #coronavirus in the studies, 25% developed symptoms that lasted at least 4-12 weeks, or n‚Ä¶",0,6,CoronaTweetBot,1507815586029522945,2022-03-26 20:23:44+00:00
corona_tweet,,"RT @HowardHolliday: We're Paying for All of That 'Free' Money Now, Aren't We? #bailout #Coronavirus Stimulus Package #Relief #Covid-19 http‚Ä¶",0,1,CoronaTweetBot,1507815551934115843,2022-03-26 20:23:36+00:00
JuhanaHarju,Finland,RT @HealthyFellow: Serum #Vitamin D in #Pregnant Women w/ #Coronavirus Disease 2019 (#COVID19): A Case-Control Study Attn: ‚Å¶@_atanas_‚Å© ‚Å¶@_I‚Ä¶,0,4,Twitter Web App,1507815412913815559,2022-03-26 20:23:02+00:00
HealthyFellow,USA,Serum #Vitamin D in #Pregnant Women w/ #Coronavirus Disease 2019 (#COVID19): A Case-Control Study Attn: ‚Å¶@_atanas_‚Å©‚Ä¶ https://t.co/KpPqwEHOHl,10,4,Twitter for iPhone,1507815235062620162,2022-03-26 20:22:20+00:00
ScienceNotDogma,Canada,"""Among the 80k children with #coronavirus in the studies, 25% developed symptoms that lasted at least 4-12 weeks, o‚Ä¶ https://t.co/YEOkUQVXcY",4,6,Twitter for Android,1507814173320769536,2022-03-26 20:18:07+00:00
HowardHolliday,Western New York,"We're Paying for All of That 'Free' Money Now, Aren't We? #bailout #Coronavirus Stimulus Package #Relief #Covid-19 https://t.co/5SvQz4phRg",0,1,BHIVE Nectar,1507813077353476097,2022-03-26 20:13:46+00:00
bol_deb,"Georgia, USA","RT @LEAD_Coalition: #LongCovid Could Reveal Clues to #Alzheimers, #LymeDisease.
Congress should approve more pandemic money, especially for‚Ä¶",0,15,Twitter for Android,1507812693549461510,2022-03-26 20:12:14+00:00
bol_deb,"Georgia, USA","RT @LEAD_Coalition: Please re-Tweet this powerful reminder of what we owe each other and ourselves.

(image via @helpstampoutalz) #COVID19‚Ä¶",0,63,Twitter for Android,1507812481523195911,2022-03-26 20:11:24+00:00
TheGlobalHerald,,Hong Kong‚Äôs growing homeless community is feeling the pains of the #Pandemic - https://t.co/EV1Btu241N - #Asia‚Ä¶ https://t.co/T5chr6qFLQ,0,1,The Global Herald,1507812392750747657,2022-03-26 20:11:02+00:00
IsabellaLilith,In seok jin heart ,"RT @bitsnewsindia: BTS member Jin undergoes surgery for finger injury. Fans wish him a speedy recovery
BITS NEWS INDIA #news #covid #corona‚Ä¶",0,19,Twitter for iPhone,1507811889346011136,2022-03-26 20:09:02+00:00
TheFebrileMuse,USA,"RT @artologica: Or Sars-CoV-2 in watercolor 
#COVID19 #coronavirus https://t.co/KQPL3sFnjZ https://t.co/cEEPVNKr3Z",0,3,Twitter for Android,1507811791312764931,2022-03-26 20:08:39+00:00
WadeJon53438167,,"#Jungkook
Are you bored at home because of the #coronavirus #COVID ?
Check out my latest YouTube video 
https://t.co/qo0pZDRx7s",1,0,Twitter Web App,1507811786711568394,2022-03-26 20:08:38+00:00
WadeJon53438167,,"#StayAlive70M
Are you bored at home because of the #coronavirus #COVID ?
Check out my latest YouTube video 
https://t.co/qo0pZDRx7s",0,0,Twitter Web App,1507811713277739009,2022-03-26 20:08:20+00:00
mvsknight81,Global Citizen,"RT @LEAD_Coalition: I wear two masks in public (and am triple vaccinated) because I believe in humility, #kindness, community... and #scien‚Ä¶",0,273,Twitter Web App,1507811668025352194,2022-03-26 20:08:10+00:00
WadeJon53438167,,"#bitcoin 
Are you bored at home because of the #coronavirus #COVID ?
Check out my latest YouTube video 
https://t.co/qo0pZDRx7s",1,0,Twitter Web App,1507811218635034628,2022-03-26 20:06:22+00:00
jurczyk,"Brecksville, OH",The latest COVID-19 Daily News! https://t.co/E7ko3VBy3g Thanks to @road_less @BigIssue @chlodulfmaximi1 #news #coronavirus,0,0,Paper.li,1507811149890433030,2022-03-26 20:06:06+00:00
WadeJon53438167,,"Are you bored at home because of the #coronavirus #COVID ?
Check out my latest YouTube video 
https://t.co/qo0pZDRx7s",1,0,Twitter Web App,1507811042331664387,2022-03-26 20:05:40+00:00
GraemePowell3,Perth,"14 mins in ""There should never have been any lockdowns"".
#coronavirus https://t.co/wc7vpMVVjh",0,0,Twitter for Android,1507810334975074304,2022-03-26 20:02:52+00:00
CovidData2,,New COVID-19 Data at 2022-03-26 04:00:00 pm EDT #Coronavirus #COVID19 #COVID_19 https://t.co/RBXrKSkg4I,0,0,coronaData_Test,1507809697432317961,2022-03-26 20:00:20+00:00
soldier_777,,"RT @thofafor: .@anipal150: The affectionately-nicknamed ""Diplo Mogg"" is miaowing out after four years of service, having found ""working fro‚Ä¶",0,619,Twitter Web App,1507809693334310912,2022-03-26 20:00:19+00:00
lizarj04,,"RT @bitsnewsindia: BTS member Jin undergoes surgery for finger injury. Fans wish him a speedy recovery
BITS NEWS INDIA #news #covid #corona‚Ä¶",0,19,Twitter for Android,1507809630298255364,2022-03-26 20:00:04+00:00
1958FRO,"Ohio, üá∫üá∏ üá∫üá¶","RT @DavidMDrucker: NEW: @SenSasse, during apparent call w/ constituents, excoriated @realDonaldTrump, saying he mishandled #coronavirus, ""k‚Ä¶",0,6542,Twitter for Android,1507809495405277191,2022-03-26 19:59:32+00:00
booly_tier1,"London, United Kingdom","RT @radio_medias: #covid19 #coronavirus #marketing #leadership #realestate #business #hiring #jobs #digitalmarketing
#kudos #innovation #fy‚Ä¶",0,2,booly_tier1,1507808806415314947,2022-03-26 19:56:47+00:00
HiringCare,Everywhere,"RT @radio_medias: #covid19 #coronavirus #marketing #leadership #realestate #business #hiring #jobs #digitalmarketing
#kudos #innovation #fy‚Ä¶",0,2,The Jobicy Universe,1507808500092751874,2022-03-26 19:55:34+00:00
radio_medias,"Kwara, Nigeria","#covid19 #coronavirus #marketing #leadership #realestate #business #hiring #jobs #digitalmarketing
#kudos‚Ä¶ https://t.co/kN0c6cvvlv",0,2,Twitter Web App,1507808478118752263,2022-03-26 19:55:29+00:00
SptsGuy1,"Rural Hall, NC",#vaccination VIDEO Links to VACCINATION #coronavirus #virus #pandemic #Covid19 #covid_deniers‚Ä¶ https://t.co/bjuSVI0zhE,0,0,Twitter Web App,1507808297352585223,2022-03-26 19:54:46+00:00
joannekarma,London/Kent,Current estimated #COVID19 cases in #Bromley - @elm_house @beckenham_forum @BeckenhamNet @Beckenham @BeckTogether‚Ä¶ https://t.co/dEeY0WSM6T,1,0,Twitter for Android,1507807750440562691,2022-03-26 19:52:36+00:00
ParentSecurity,,New Haven teacher‚Äôs suit alleges retaliation over COVID-19 response criticism | #coronavirus | #kids. | #children |‚Ä¶ https://t.co/eVIJfWUb8v,0,0,WordPress.com,1507806893141594113,2022-03-26 19:49:11+00:00
NooriMitra,Canada,"RT @iran_policy: #Iran : #coronavirus  Death Toll Surpasses 524,900 https://t.co/w1T0e5xtmU",0,30,Twitter for iPhone,1507806101592489998,2022-03-26 19:46:02+00:00
_covid_19_bot_,,"Cases: 479,484,372 (+0) 
Deaths: 6,120,092 (+321) 
Recovered: 0 (+0) 
Active Cases: 479,484,372 (100%)
Completed Ca‚Ä¶ https://t.co/ISok1i4fVr",0,0,Covid-19 Bot,1507806101382774786,2022-03-26 19:46:02+00:00
koskela_lasse,"Naantali, Suomi",RT @be_in_Bangkok: CAAT tells Thai Airways to fly Boeing 737-800 with extra caution. #Thailand #Bangkok #Phuket #Samui #Pattaya #Ayutthaya‚Ä¶,0,2,Twitter for Android,1507806002695094280,2022-03-26 19:45:39+00:00
_covid_19_bot_,,"Cases: 479,484,372 (+219,611) 
Deaths: 6,119,771 (+0) 
Recovered: 0 (+0) 
Active Cases: 479,484,372 (100%)
Complete‚Ä¶ https://t.co/GiBW72gcgo",0,0,Covid-19 Bot,1507805848936103939,2022-03-26 19:45:02+00:00
GraemePowell3,Perth,"Long, but very good. #coronavirus https://t.co/rc6IQXxb0R",0,0,Twitter for Android,1507804940194164736,2022-03-26 19:41:26+00:00
iClevercat,"Porpoise Pit, WA, Australia","RT @TiffinyAdair: These tests are such bullshit üòÜ
#covidtest #RapidTests #coronavirus https://t.co/uNzXMtfshl",0,4,Twitter Web App,1507804924951728131,2022-03-26 19:41:22+00:00
enriquegalardi,getxo-bizkaia,"RT @EduCannotWait: #COVID19 is disrupting education globally.  For children &amp; youth already affected by armed conflicts, displacement &amp; dis‚Ä¶",0,25,Twitter for iPhone,1507804778599964677,2022-03-26 19:40:47+00:00
DreamyUrieW,"Chicago, IL","Took all Moderna shots and 3 Moderna booster shots! I don't have COVID!!!!!!!
#COVID #CoronavirusUpdates‚Ä¶ https://t.co/EMgRaj6uLu",0,0,Twitter for Android,1507803382261690376,2022-03-26 19:35:14+00:00
Mencap_Kirklees,Kirklees,RT @NHSAbility: There are #NHS #treatments for people with #coronavirus who are likely to get very ill. Find out who is eligible for the tr‚Ä¶,0,2,Twitter for Android,1507802828710072331,2022-03-26 19:33:02+00:00
subgap,The Netherlands,"Coronavirus Update:
‚ò£Ô∏èÔ∏è Total cases: 480,445,475 (+13,111) ‚ò£Ô∏èÔ∏è
‚ö†Ô∏è Current cases: 59,536,228 (+12,999) ‚ö†Ô∏è
‚ö∞Ô∏è Deaths:‚Ä¶ https://t.co/oARkQpzo9h",1,1,CoronaVirus Bot by Sloth,1507802554943614976,2022-03-26 19:31:57+00:00
CovidData2,,New COVID-19 Data at 2022-03-26 03:30:01 pm EDT #Coronavirus #COVID19 #COVID_19 https://t.co/g9nB4Op8fF,0,0,coronaData_Test,1507802154945458182,2022-03-26 19:30:22+00:00
MaryMaryregan,,RT @2StefanMoore: If we all just got Together &amp; Worked on a Cure for #Cancer just as we did with the #CoronaVirus ü§î,0,6,Twitter for iPhone,1507801616568696847,2022-03-26 19:28:13+00:00
artologica,"Washington, DC","RT @artologica: Or Sars-CoV-2 in watercolor 
#COVID19 #coronavirus https://t.co/KQPL3sFnjZ https://t.co/cEEPVNKr3Z",0,3,Twitter Web App,1507801465150218251,2022-03-26 19:27:37+00:00
corona_tweet,,"RT @Thomas_Wilckens: Missed it? Do #Covid 19Precautions Work? Yes, but they haven‚Äôt made a big difference.  https://t.co/4bLAcdjjJ4 Compare‚Ä¶",0,1,CoronaTweetBot,1507800512393064454,2022-03-26 19:23:50+00:00
Vote4Progress,Georgia,"RT @Vote4Progress: Put your Twitter photo to good use. Change it to--&gt; 

Send a message to the corporate owned parties who have given up ag‚Ä¶",0,1,Twitter Web App,1507799931662311434,2022-03-26 19:21:31+00:00
superqweenb,Nyc,"RT @blackhawkinc: Beware: This One Thing Can Cost You Your Freedom

https://t.co/UYkpPZmeIt

#ziadabdelnour #freedom #Beware #Coronavirus #‚Ä¶",0,2,Twitter for iPhone,1507799759184146441,2022-03-26 19:20:50+00:00
Thomas_Wilckens,"M√ºnchen, Bayern","Missed it? Do #Covid 19Precautions Work? Yes, but they haven‚Äôt made a big difference.  https://t.co/4bLAcdjjJ4 Comp‚Ä¶ https://t.co/E2nMPnxOEa",6,1,Buffer,1507799558276923406,2022-03-26 19:20:02+00:00
Vote4Progress,Georgia,"Put your Twitter photo to good use. Change it to--&gt; 

Send a message to the corporate owned parties who have given‚Ä¶ https://t.co/gQdxaZQCEU",1,1,Twitter Web App,1507798959800164357,2022-03-26 19:17:40+00:00
manoj_jain1,,RT @Bombay_Lawyers: Limit 60 days to file claim for ex-gratia compensation of¬†COVID-19 death occurred prior to 20.03.2022 and a period of 9‚Ä¶,0,1,Twitter for Android,1507798616010010624,2022-03-26 19:16:18+00:00
solidbasket,,"RT @hines_stephen: Are you scared of the chemicals in a  #vaccine?  Should you be?  Will you risk a #coronavirus shot?

Luke explains.....‚Ä¶",0,11,Twitter for iPhone,1507798228049215495,2022-03-26 19:14:45+00:00
Thomas_Wilckens,"M√ºnchen, Bayern",Updated Cochrane report: Weak evidence supports the use of international travel-related control measures to limit t‚Ä¶ https://t.co/E6AGU7w6hK,4,1,Buffer,1507795028848033798,2022-03-26 19:02:03+00:00
debugliesnews,,Adults in hospital who have #COVID19 and the flu at the same time are at much greater risk of severe disease and de‚Ä¶ https://t.co/GwIzgf6Sfa,0,0,Twitter Web App,1507795001446748163,2022-03-26 19:01:56+00:00
Bella2Gia,,"RT @92Y: 1/As #NYC &amp; our nation commemorate 2 years of crisis &amp; loss from the #coronavirus pandemic, please join us 3/29 for a behind-the-s‚Ä¶",0,82,Twitter for Android,1507794880273256455,2022-03-26 19:01:27+00:00
CovidData2,,New COVID-19 Data at 2022-03-26 03:00:00 pm EDT #Coronavirus #COVID19 #COVID_19 https://t.co/Rvoch10Mu4,0,0,coronaData_Test,1507794599657545728,2022-03-26 19:00:20+00:00
CIC_COVID,United States,"Want to learn more about the #coronavirus and the latest #research on #COVID19? Join us on Friday, April 15th (2:30‚Ä¶ https://t.co/zWL377ysiZ",0,0,Sendible,1507794551762784261,2022-03-26 19:00:09+00:00
_covid_19_bot_,,"Cases: 479,264,761 (+166) 
Deaths: 6,119,771 (+3) 
Recovered: 0 (+0) 
Active Cases: 479,264,761 (100%)
Completed Ca‚Ä¶ https://t.co/n85gjxY4No",0,0,Covid-19 Bot,1507794276339826689,2022-03-26 18:59:03+00:00
montique47,,"RT @mentack: Texas, the thing to remember is, the Governor‚Äôs stay at home order changed, the virus didn‚Äôt. #COVID19 #coronavirus #Texas",0,19,Twitter for iPad,1507793300719349764,2022-03-26 18:55:10+00:00
MTVLebanonNews,"Naccache, Lebanon","Why Do #Covid Patients Lose Their Sense of Smell? https://t.co/BJRHAE5gUC
#coronavirus https://t.co/neWX2YQ4Hs",0,0,TweetDeck,1507793255752159235,2022-03-26 18:55:00+00:00
TinaHealdArtist,"Maine, USA","üßê#USA #UK 
Americans for Innovation: #CORONAVIRUS TRACED TO THE BRITISH CROWN https://t.co/of3uBqQ6FO",0,0,Twitter for iPhone,1507793058364112905,2022-03-26 18:54:13+00:00
RashadDHawkins,‚òÄ‚ôåüåë‚ôí‚¨Ü‚ôé,"RT @BMoreAwesomeCHC: ü©∫‚öõÔ∏èüî¨

üßµ Tracking Thread 1
(3/20/22)

‚ñ™Ô∏è#BA2variant is spreading around the world

‚ñ™Ô∏èCurrently, several cities and stat‚Ä¶",0,5,Twitter for iPhone,1507792781699391491,2022-03-26 18:53:07+00:00
RashadDHawkins,‚òÄ‚ôåüåë‚ôí‚¨Ü‚ôé,"RT @BMoreAwesomeCHC: ü©∫‚öõÔ∏èüî¨

üßµ Masks Thread 1
(3/20/22)

‚ñ™Ô∏èCurrently, several cities and states are lifting mask mandates.

‚ñ™Ô∏è#BA2variant is‚Ä¶",0,3,Twitter for iPhone,1507792761810006035,2022-03-26 18:53:02+00:00
NEP2020,"New Delhi, India","RT @EduCannotWait: #COVID19 is disrupting education globally. 

For children &amp; youth already affected by armed conflicts, displacement &amp; di‚Ä¶",0,21,Twitter for Android,1507792729203347457,2022-03-26 18:52:54+00:00
AXPhoenix2,europe,"RT @SergioScicchi: ü•≥ü•≥ü•≥Very happy üéâüéâüéäüéä to see our paper #workingfromhome  and #income #inequality: risks of a ‚Äònew normal‚Äô with #COVID19"" in‚Ä¶",0,8,Twitter for Android,1507792420775280640,2022-03-26 18:51:41+00:00
SwerianBot,The Interwebs,oh FFS @debugliesnews #fact : Taking a hot bath will not prevent you from catching COVID-19. #coronavirus,0,0,plague-bot,1507792279104331779,2022-03-26 18:51:07+00:00
MattJorg4543446,America,"RT @LEAD_Coalition: Please re-Tweet this powerful reminder of what we owe each other and ourselves.

(image via @helpstampoutalz) #COVID19‚Ä¶",0,63,Twitter for iPhone,1507792044957188096,2022-03-26 18:50:11+00:00
NEP2020,"New Delhi, India","RT @EduCannotWait: #COVID19 is disrupting education globally.  For children &amp; youth already affected by armed conflicts, displacement &amp; dis‚Ä¶",0,25,Twitter for Android,1507792019153772551,2022-03-26 18:50:05+00:00
madhavanpallan,,"RT @EduCannotWait: #COVID19 is disrupting education globally.  For children &amp; youth already affected by armed conflicts, displacement &amp; dis‚Ä¶",0,25,Twitter Web App,1507791739163082755,2022-03-26 18:48:58+00:00
debugliesnews,,U.S. CDC Data: Who Received Only Johnson &amp; Johnson Shots More Likely To Die During #Omicron Wave Compared To Other‚Ä¶ https://t.co/3KjdXqsU5N,0,0,Twitter Web App,1507790821223026690,2022-03-26 18:45:19+00:00
ByGlance,Reggio nell'Emilia,"RT @liubasoncini: There are 3 lessons to learn from the #pandemic:
1) apply protective measures as early and hard as possible
2) unless it‚Äô‚Ä¶",0,0,Twitter for iPhone,1507790647444619271,2022-03-26 18:44:38+00:00
VictorK37694416,,"RT @tigresseleanor: People appear to believe Covid did not start in the UK until March 2020 - this is false.

The first Covid death in Engl‚Ä¶",0,43,Twitter for Android,1507790518650118147,2022-03-26 18:44:07+00:00
KKrowe9,Planet Earth,"RT @tigresseleanor: People appear to believe Covid did not start in the UK until March 2020 - this is false.

The first Covid death in Engl‚Ä¶",0,43,Twitter for Android,1507789252591071243,2022-03-26 18:39:05+00:00
maryajoseso,madrid spain,"RT @alneamyyy88: What would you write in a short message to yourself?.
#Yenen üáæüá™
#Lise_Grande 
#Life 
#MondayMotivation 
#COVID19 
#Covid19‚Ä¶",0,20,Twitter for Android,1507789120969580555,2022-03-26 18:38:34+00:00
ericcoliu,Canada,"@LakotaMan1 320th Entry, #Coronavirus #Poetry #Diary https://t.co/4HXwNt6tku

""does it matter
to mask or not to mas‚Ä¶ https://t.co/qsM97ulCSu",0,0,Twitter Web App,1507789064237457429,2022-03-26 18:38:20+00:00
be_in_Bangkok,Germany,Songkran to test Covid-19 curbs Songkran to test Covid-19 curbs. #Thailand #Bangkok #Phuket #Samui #Pattaya‚Ä¶ https://t.co/Sx3NlROMI2,1,0,Twitter Web App,1507789023712063489,2022-03-26 18:38:11+00:00
Redpev,"Salford, England","RT @tigresseleanor: People appear to believe Covid did not start in the UK until March 2020 - this is false.

The first Covid death in Engl‚Ä¶",0,43,Twitter for Android,1507788588989231104,2022-03-26 18:36:27+00:00
be_in_Bangkok,Germany,CAAT tells Thai Airways to fly Boeing 737-800 with extra caution. #Thailand #Bangkok #Phuket #Samui #Pattaya‚Ä¶ https://t.co/cLuVVtSe0t,3,2,Twitter Web App,1507788441530085378,2022-03-26 18:35:52+00:00
MTVEnglishNews,"Naccache, Lebanon","Health Ministry: 290 new #coronavirus cases, 6 new deaths in #Lebanon https://t.co/d56G0gGX2g",0,1,MTV English News,1507787441167609863,2022-03-26 18:31:53+00:00
CrimeNana,"England, United Kingdom","RT @ScotlandYardCSI: UK Covid infections climb by a million in a week 

https://t.co/Melzc0RUlw #Covid19 #CoronaVirus https://t.co/ryl3IUXx‚Ä¶",0,5,Twitter for Android,1507787295742644233,2022-03-26 18:31:19+00:00
CovidData2,,New COVID-19 Data at 2022-03-26 02:30:00 pm EDT #Coronavirus #COVID19 #COVID_19 https://t.co/gXK8gEmaxv,0,0,coronaData_Test,1507787055597772806,2022-03-26 18:30:22+00:00
ScotlandYardCSI,,"RT @ScotlandYardCSI: UK Covid infections climb by a million in a week 

https://t.co/Melzc0RUlw #Covid19 #CoronaVirus https://t.co/ryl3IUXx‚Ä¶",0,5,Twitter Web App,1507786682577276928,2022-03-26 18:28:53+00:00
expatrion777,,"RT @EduCannotWait: #COVID19 is disrupting education globally. 

For children &amp; youth already affected by armed conflicts, displacement &amp; di‚Ä¶",0,21,Twitter for iPhone,1507786630454673409,2022-03-26 18:28:40+00:00
aratis16,,"RT @EduCannotWait: #COVID19 is disrupting education globally. 

For children &amp; youth already affected by armed conflicts, displacement &amp; di‚Ä¶",0,21,Twitter for iPhone,1507786529921695744,2022-03-26 18:28:16+00:00
FinancialMirror,Cyprus,"#Cyprus reported two #coronavirus deaths on Saturday, an increase in daily #covid19 cases to 5,172, a spike in the‚Ä¶ https://t.co/om1qfIIF5t",0,0,Twitter Web App,1507786410828480524,2022-03-26 18:27:48+00:00
NasserFaqihUN,Al Quds,"RT @EduCannotWait: #COVID19 is disrupting education globally. 

For children &amp; youth already affected by armed conflicts, displacement &amp; di‚Ä¶",0,21,Twitter for iPhone,1507786371104083972,2022-03-26 18:27:38+00:00
AmandaHaddock,In the middle,RT @2StefanMoore: If we all just got Together &amp; Worked on a Cure for #Cancer just as we did with the #CoronaVirus ü§î,0,6,Twitter for iPhone,1507786308747468808,2022-03-26 18:27:23+00:00
NatalieKhraino,"Manhattan, NY","RT @EduCannotWait: #COVID19 is disrupting education globally. 

For children &amp; youth already affected by armed conflicts, displacement &amp; di‚Ä¶",0,21,Twitter for iPhone,1507786249494441987,2022-03-26 18:27:09+00:00
PemaCita1,,"RT @EduCannotWait: #COVID19 is disrupting education globally. 

For children &amp; youth already affected by armed conflicts, displacement &amp; di‚Ä¶",0,21,Twitter for iPhone,1507786102425337859,2022-03-26 18:26:34+00:00
ecwresults,New York - Geneva ,"RT @EduCannotWait: #COVID19 is disrupting education globally. 

For children &amp; youth already affected by armed conflicts, displacement &amp; di‚Ä¶",0,21,Twitter for iPhone,1507785950327320576,2022-03-26 18:25:58+00:00
worldincrisis1,Planet Earth,"RT @EduCannotWait: #COVID19 is disrupting education globally.  For children &amp; youth already affected by armed conflicts, displacement &amp; dis‚Ä¶",0,25,Twitter Web App,1507785864667348993,2022-03-26 18:25:38+00:00
DewajiGhanshyam,,"RT @Kaushal01833606: This is not the big news, the big news in big Heading should be prosecution of CM Uddhav Thackeray ü§´
@PMOIndia @MoHFW_‚Ä¶",0,2,Twitter Web App,1507785823365713926,2022-03-26 18:25:28+00:00
mananmkotak,,"RT @EduCannotWait: #COVID19 is disrupting education globally. 

For children &amp; youth already affected by armed conflicts, displacement &amp; di‚Ä¶",0,21,Twitter for iPhone,1507785802998239238,2022-03-26 18:25:23+00:00
ECWgeneva,,"RT @EduCannotWait: #COVID19 is disrupting education globally. 

For children &amp; youth already affected by armed conflicts, displacement &amp; di‚Ä¶",0,21,Twitter for iPhone,1507785674866397185,2022-03-26 18:24:52+00:00
corona_tweet,,"RT @realhumanrights: #PRC #China -  Global #COVID19 #Coronavirus Pandemic - PRC logs 1,280 new local COVID-19 cases - 1,122 were reported i‚Ä¶",0,1,CoronaTweetBot,1507785446469873668,2022-03-26 18:23:58+00:00
corona_tweet,,RT @DrMVanderpump: Why not consider an e-consultation with me if you're self-isolating or would prefer not to travel during the current sit‚Ä¶,0,1,CoronaTweetBot,1507785416581201921,2022-03-26 18:23:51+00:00
corona_tweet,,RT @ParentSecurity: California Sends 14.3 Million COVID-19 Tests to Schools as Students and Staff Return from Spring Break | #coronavirus |‚Ä¶,0,1,CoronaTweetBot,1507785399325929472,2022-03-26 18:23:47+00:00
corona_tweet,,RT @aymahed: After more than two years #coronavirus has entered our home my wife is the only one now infected but luckily my kid and I not‚Ä¶,0,1,CoronaTweetBot,1507785382011842579,2022-03-26 18:23:43+00:00
realhumanrights,Washington DC,"#PRC #China -  Global #COVID19 #Coronavirus Pandemic - PRC logs 1,280 new local COVID-19 cases - 1,122 were reporte‚Ä¶ https://t.co/iCeZjYvbLE",0,1,Twitter for iPhone,1507785314051493892,2022-03-26 18:23:26+00:00
DrMVanderpump,London,Why not consider an e-consultation with me if you're self-isolating or would prefer not to travel during the curren‚Ä¶ https://t.co/s12wxx8gLO,0,1,The Social Jukebox,1507785308800270336,2022-03-26 18:23:25+00:00
LukLlorenATM,,"RT @EduCannotWait: #COVID19 is disrupting education globally.  For children &amp; youth already affected by armed conflicts, displacement &amp; dis‚Ä¶",0,25,Twitter for Android,1507785301724483592,2022-03-26 18:23:23+00:00
manda66,,RT @NHSAbility: There are #NHS treatments for people with #coronavirus who are likely to get very ill. You will receive a letter from the N‚Ä¶,0,3,Twitter for iPhone,1507785140457586693,2022-03-26 18:22:45+00:00
KentPage,UNICEF Headquarters New York,"RT @EduCannotWait: #COVID19 is disrupting education globally.  For children &amp; youth already affected by armed conflicts, displacement &amp; dis‚Ä¶",0,25,Twitter for iPhone,1507785112783446016,2022-03-26 18:22:38+00:00
WSVirology,World,"RT @Research_Purdue: @DirectorPI4D, Trent and Judith Anderson Distinguished Professor, @PurdueBiolSci &amp; Krenicki Family Director, @purduepi‚Ä¶",0,8,Twitter for Android,1507784484099403779,2022-03-26 18:20:08+00:00
ParentSecurity,,California Sends 14.3 Million COVID-19 Tests to Schools as Students and Staff Return from Spring Break |‚Ä¶ https://t.co/9pj4CA5WcM,0,1,WordPress.com,1507784079277797376,2022-03-26 18:18:32+00:00
aymahed,"D√ºsseldorf, Germany",After more than two years #coronavirus has entered our home my wife is the only one now infected but luckily my kid‚Ä¶ https://t.co/GZ47wQe2WD,0,1,Twitter for iPhone,1507783392347275270,2022-03-26 18:15:48+00:00
N1info,"Belgrade, Republic of Serbia","#Coronavirus UPDATE: nine deaths, 1,693 newly infected in #Serbia https://t.co/Ks6yZX4DE7",1,0,Twitter Web App,1507783141536280578,2022-03-26 18:14:48+00:00
be_in_Bangkok,Germany,77% of Thais expect Covid infections to surge during Songkran. #Thailand #Bangkok #Phuket #Samui #Pattaya‚Ä¶ https://t.co/Ejoz6QGqa9,0,0,Twitter Web App,1507783055745896454,2022-03-26 18:14:28+00:00
AilsaForshaw,,"RT @AilsaForshaw: Only if #JoeBiden adopts @AndrewYang üß¢'s #FreedomDividend 
#1000DollarsaMonth for every US Adult 18+

@TMZ Inneresting, t‚Ä¶",0,13,Twitter for Android,1507782984258052096,2022-03-26 18:14:11+00:00
Sivakum73363599,"Salem, India","RT @TNCoronaUpdate: #TamilNadu | #COVID19 | 26 March 2022

District Wise  Data...

#TNCoronaUpdates #coronavirus https://t.co/GURO7vsR4l",0,4,Twitter for Android,1507782783569055748,2022-03-26 18:13:23+00:00
COVID_Evidence,Ireland,RT @COVID_Evidence: PubMed:  Clinical significance of micronutrient supplements in patients with coronavirus disease 2019: A comprehensive‚Ä¶,0,2,dlvr.it,1507782445956960257,2022-03-26 18:12:03+00:00
BookClubPro1,,Staying home because of the #coronavirus and want something to read? Maybe something almost #Gorean ? Try this for‚Ä¶ https://t.co/3lXKL4hr7i,0,0,BookClubProTweet,1507782432262660099,2022-03-26 18:11:59+00:00
DeprezI,Paris & Bordeaux,RT @Thomas_Wilckens: New data from Norway: Vaccine efficacy vs #Omicron declines from 53% to 23% after 2 months in 16-17 age group followin‚Ä¶,0,7,Twitter for Android,1507782404362100736,2022-03-26 18:11:53+00:00
kittykatkityy,,RT @sujata18: The Biofootprints Team is happy to announce that the Marie Curie Excellence Award for the year 2022 has been conferred to Dr‚Ä¶,0,7,Twitter for Android,1507781711957880834,2022-03-26 18:09:08+00:00
WeissJsw819,New York City,"RT @WeissJsw819: Startling. https://t.co/VKL1ZxZSKh

C l I c k: https://t.co/IN9IezZ3GH

#coronavirus #COVID #COVID19 #healthy #occult #spi‚Ä¶",0,627,Twitter for iPhone,1507781279491702784,2022-03-26 18:07:24+00:00
DorothyBeach,"Ohio, USA",RT @MicrobesInfect: US gov't is planning to give Americans age 50 or older the option of a 2nd booster of the Pfizer or Moderna #coronaviru‚Ä¶,0,3,Twitter for iPhone,1507780708915417092,2022-03-26 18:05:08+00:00
Vote4Progress,Georgia,RT @Vote4Progress: @briebriejoy #DemExit Just vote Green. Useless complaining about an incorrigible party. The #duopoly must be toppled. We‚Ä¶,0,6,Twitter Web App,1507780518242361351,2022-03-26 18:04:23+00:00
jvoyageur,Jazz and Blues Fan,"RT @LEAD_Coalition: Please re-Tweet this powerful reminder of what we owe each other and ourselves.

(image via @helpstampoutalz) #COVID19‚Ä¶",0,63,Twitter for iPhone,1507780489557467138,2022-03-26 18:04:16+00:00
Vote4Progress,Georgia,RT @Vote4Progress: Mainstream media leads with Afghanistan (war) instead of #coronavirus. Shame on our government and the elite well to do‚Ä¶,0,5,Twitter Web App,1507780390307741697,2022-03-26 18:03:52+00:00
UnoNemoNessuno,,"RT @SMaurizi: 2 years ago,as #Coronavirus pandemic exploded, I tried to investigate on #Metabiota,a San Francisco firm tracking epidemics f‚Ä¶",0,24,Twitter for Android,1507780360452689925,2022-03-26 18:03:45+00:00
SwerianBot,The Interwebs,#lie : Spraying alcohol or chlorine all over your body kill the new coronavirus. #coronavirus #moronavirus‚Ä¶ https://t.co/iVfXj5YwVr,0,0,plague-bot,1507779639237820417,2022-03-26 18:00:53+00:00
Dem_Truth_Yell,,But not as contagious as coronavirus #WearYourMasks #Coronavirus https://t.co/YoznSs3yq6,0,0,Twitter for iPhone,1507779604991332358,2022-03-26 18:00:45+00:00
Ukrayan,Lwiws'k,"RT @MooreMedtech: Another study has been published demonstrating the pathogen-destroying efficacy of Far-UVC technology.

Far-UVC took less‚Ä¶",0,5,Twitter Web App,1507779567896911873,2022-03-26 18:00:36+00:00
CovidData2,,New COVID-19 Data at 2022-03-26 02:00:00 pm EDT #Coronavirus #COVID19 #COVID_19 https://t.co/FexfiQqwY7,0,0,coronaData_Test,1507779501362753543,2022-03-26 18:00:20+00:00
herbivore_club,Desert Island,"RT @herbivore_club: 'People say we don't want to spread disease so we should separate and social distance. Well, what are we doing to anima‚Ä¶",0,5,Tweepsmap,1507779477933371392,2022-03-26 18:00:15+00:00
InnovationAtoZ,"Melbourne, Australia","Over 2 million #freelance in the United Kingdom, a number that was on the rise even before the #coronavirus pandemi‚Ä¶ https://t.co/rYt8NUQdqt",1,0,SocialOomph,1507779437248626698,2022-03-26 18:00:05+00:00
HealthSsp,North West England,COVID-19 guidance is changing on April 1. Rules on self-isolation for people who have tested positive for Covid are‚Ä¶ https://t.co/sNNuPy6AJP,0,0,Twitter Web App,1507779422048296961,2022-03-26 18:00:02+00:00
baladorje,"Somerset, United Kingdom",#Coronavirus #London Belly Mujinga‚Äôs family still seeking answers two years after death: Transport worker died of C‚Ä¶ https://t.co/b83noWYLwy,0,0,dlvr.it,1507779048730071042,2022-03-26 17:58:33+00:00
CaliforniaELK,"Sacramento, CA","RT @DrPanMD: ‚Äúamid #omicron , natural immunity is clearly rubbish.
Unvaccinated people who recover from an omicron #coronavirus variant inf‚Ä¶",0,19,Twitter for iPhone,1507777904641384449,2022-03-26 17:54:00+00:00
realEddieKirby,"Sacramento, CA","RT @DrPanMD: ‚Äúamid #omicron , natural immunity is clearly rubbish.
Unvaccinated people who recover from an omicron #coronavirus variant inf‚Ä¶",0,19,Twitter for iPhone,1507777592400629763,2022-03-26 17:52:45+00:00
thompsonkf1,cambridge,"RT @ANONNHS_: Analysis: link between infections, hospitalisations and deaths has weakened but it has not been severed

Covid infections are‚Ä¶",0,2,Twitter for iPad,1507777393251033090,2022-03-26 17:51:58+00:00
joshual1980,,RT @TondarCanada: @simasepehri95 @WHO @USAdarFarsi @JavaidRehman @mbachelet @UNHumanRights @MSF @GermanyinIran @UKinIran @UKRinIran @SwissE‚Ä¶,0,35,Twitter for Android,1507777382400286725,2022-03-26 17:51:55+00:00
joshual1980,,RT @TondarCanada: @CanadianPM @CPC_HQ @CDNMinHealth @CTVNews @CP24 @AndrewScheer @CandiceBergenMP @LindaFrum @LeonaAlleslev @WHO @antoniogu‚Ä¶,0,37,Twitter for Android,1507777365732212745,2022-03-26 17:51:51+00:00
MuhammadMoheez,,BREAKING NEWS Italy Whatsapp #⁄ÜŸÑŸà_⁄ÜŸÑŸà_ÿπŸÖÿ±ÿßŸÜ_⁄©€í_ÿ≥ÿßÿ™⁄æ Doctor Khalifa #Pathaan #Houthi #CSKvKKR Sindh High Court Taylo‚Ä¶ https://t.co/6QtuKSihh3,0,0,Twitter Web App,1507777334602043404,2022-03-26 17:51:44+00:00
MuhammadMoheez,,BREAKING NEWS Italy Whatsapp #⁄ÜŸÑŸà_⁄ÜŸÑŸà_ÿπŸÖÿ±ÿßŸÜ_⁄©€í_ÿ≥ÿßÿ™⁄æ Doctor Khalifa #Pathaan #Houthi #CSKvKKR Sindh High Court Taylo‚Ä¶ https://t.co/jUwq5ClV9V,0,0,Twitter Web App,1507777150488829956,2022-03-26 17:51:00+00:00
shortwave8669,US,"RT @OntarioCovid19: [2022-03-26]
New Cases: 2754
Tests Completed: 17341
% Positivity: 15.88
Total Cases: 1151090
#COVID19Toronto #COVID19On‚Ä¶",0,2,Twitter Web App,1507777047069958146,2022-03-26 17:50:35+00:00
SwerianBot,The Interwebs,Hey @MuhammadMoheez #fact : Vaccines against pneumonia do not provide protection against the new coronavirus.‚Ä¶ https://t.co/tOPJKkvTHC,0,0,plague-bot,1507777032951902212,2022-03-26 17:50:32+00:00
MuhammadMoheez,,BREAKING NEWS Italy Whatsapp #⁄ÜŸÑŸà_⁄ÜŸÑŸà_ÿπŸÖÿ±ÿßŸÜ_⁄©€í_ÿ≥ÿßÿ™⁄æ Doctor Khalifa #Pathaan #Houthi #CSKvKKR Sindh High Court Taylo‚Ä¶ https://t.co/Ohp9g1l4Df,0,0,Twitter Web App,1507777024965943300,2022-03-26 17:50:30+00:00
MuhammadMoheez,,BREAKING NEWS Whatsapp #⁄ÜŸÑŸà_⁄ÜŸÑŸà_ÿπŸÖÿ±ÿßŸÜ_⁄©€í_ÿ≥ÿßÿ™⁄æ Doctor Khalifa #Pathaan #Houthi #CSKvKKR Sindh High Court Taylor Hawk‚Ä¶ https://t.co/GoRStEBJd0,0,0,Twitter Web App,1507776854782001152,2022-03-26 17:49:49+00:00
FutureWorldCen,UK,#ootd may help #photography it doesn't help #coronavirus spread. #Italians can't say bye to their #dead. Business i‚Ä¶ https://t.co/QULLb77QNf,0,0,Tweet Suite,1507776402493521923,2022-03-26 17:48:02+00:00
Juliet24825670,,"RT @tigresseleanor: People appear to believe Covid did not start in the UK until March 2020 - this is false.

The first Covid death in Engl‚Ä¶",0,43,Twitter for Android,1507775987223867401,2022-03-26 17:46:23+00:00
_covid_19_bot_,,"Cases: 479,264,595 (+76,140) 
Deaths: 6,119,768 (+125) 
Recovered: 0 (+0) 
Active Cases: 479,264,595 (100%)
Complet‚Ä¶ https://t.co/NNdATC4JXt",0,0,Covid-19 Bot,1507775400256147460,2022-03-26 17:44:03+00:00
FrDe2059,"Bruxelles, Belgique","The #coronavirus has changed, and so should scientists in their analyses.

‚Å¶@devisridhar‚Å©  https://t.co/X2nO73W885",0,0,Twitter for iPad,1507774264673546245,2022-03-26 17:39:32+00:00
FutureWorldCen,UK,#aca #Dead #coronavirus Have u come across the largest #cacophony &amp; largest #silence in the world? Well thats what‚Ä¶ https://t.co/V2obiS5b5c,0,0,Tweet Suite,1507772385864396804,2022-03-26 17:32:04+00:00
subgap,The Netherlands,"Coronavirus Update:
‚ò£Ô∏èÔ∏è Total cases: 480,432,364 (+238,252) ‚ò£Ô∏èÔ∏è
‚ö†Ô∏è Current cases: 59,523,229 (+112,677) ‚ö†Ô∏è
‚ö∞Ô∏è Death‚Ä¶ https://t.co/YebqN9FLi6",3,0,CoronaVirus Bot by Sloth,1507772344995045390,2022-03-26 17:31:54+00:00
Fovle_Online,,dailypost: 'Will you continue to wear a mask in the supermarket from Monday? #Wales #coronavirus #supermarket‚Ä¶ https://t.co/eMbLNDpQUE,0,0,fovle,1507772127738572802,2022-03-26 17:31:02+00:00
SwerianBot,The Interwebs,#lie : 5G mobile networks DO NOT spread COVID-19. #coronavirus https://t.co/A7y0iws0r5,0,0,plague-bot,1507772021459013638,2022-03-26 17:30:37+00:00
CovidData2,,New COVID-19 Data at 2022-03-26 01:30:00 pm EDT #Coronavirus #COVID19 #COVID_19 https://t.co/ghT5iq2dlt,0,0,coronaData_Test,1507771948088049673,2022-03-26 17:30:20+00:00
northwaleslive,"North Wales, UK",Will you continue to wear a mask in the supermarket from Monday? #Wales #coronavirus #supermarket #northwales https://t.co/5WsvRUvnux,5,0,TweetDeck,1507771726683426818,2022-03-26 17:29:27+00:00
backstage_red,New Joisy,"RT @92Y: 1/As #NYC &amp; our nation commemorate 2 years of crisis &amp; loss from the #coronavirus pandemic, please join us 3/29 for a behind-the-s‚Ä¶",0,82,Twitter for iPhone,1507771204861628419,2022-03-26 17:27:22+00:00
DeborahLeagueFA,"Greenville, DE, USA","RT @sofiartmedia: Happy Easter Holiday Face Mask Design
15% Off
#zazzle #zazzlemade #artwork #art #easter #spring #greeting #party #birthda‚Ä¶",0,84,Twitter Web App,1507771186704535553,2022-03-26 17:27:18+00:00
wireless_step,,"RT @bitsnewsindia: BTS member Jin undergoes surgery for finger injury. Fans wish him a speedy recovery
BITS NEWS INDIA #news #covid #corona‚Ä¶",0,19,stepcounter_tracker,1507770665742569481,2022-03-26 17:25:14+00:00
jinursxxm,üê∞üêπüíï,"RT @bitsnewsindia: BTS member Jin undergoes surgery for finger injury. Fans wish him a speedy recovery
BITS NEWS INDIA #news #covid #corona‚Ä¶",0,19,Twitter for Android,1507770581844115459,2022-03-26 17:24:54+00:00
TrasElValle_OBC,Lee aqu√≠ üëáüèº el √∫ltimo TEVDA,"RT @jjaranaz94: ""#PedaZitosDeVuelta (III)"" con #RaquelEspuelas:

https://t.co/ouLWfsA5ZD

#FinEstadoDeAlarma #ToqueDeQueda #Covid19 #Covid_‚Ä¶",0,79,Twitter for Android,1507770360745369604,2022-03-26 17:24:01+00:00
corona_tweet,,RT @be_in_Bangkok: Old Bangkok lights path out of pandemic with eye-popping 'Awakening' street illuminations. #Thailand #Bangkok #Phuket #S‚Ä¶,0,2,CoronaTweetBot,1507770347306819584,2022-03-26 17:23:58+00:00
corona_tweet,,RT @SwerianBot: #lie : Cold weather and snow CANNOT kill the new coronavirus. #coronavirus #moronavirus #covidiots #covid19 https://t.co/s7‚Ä¶,0,1,CoronaTweetBot,1507770338452594704,2022-03-26 17:23:56+00:00
corona_tweet,,"RT @wearewhfm: &gt; #PandO ferry seized in N. Ireland due to safety concerns.
&gt; UK #Coronavirus cases rise by over 1 million in a week. 
&gt; #Ru‚Ä¶",0,1,CoronaTweetBot,1507770317028081671,2022-03-26 17:23:51+00:00
corona_tweet,,"RT @be_in_Bangkok: Thailand records 26,234 Covid-19 cases and 67 deaths on Saturday. #Thailand #Bangkok #Phuket #Samui #Pattaya #Ayutthaya‚Ä¶",0,1,CoronaTweetBot,1507770295565885446,2022-03-26 17:23:46+00:00
UhlAndreas2,,"RT @USMortality: üö® Clear Correlation Between Higher COVID-19 Cases and Higher Vaccination Levels!
&gt; The higher the vaccination, the more ca‚Ä¶",0,322,Twitter for Android,1507770237667713030,2022-03-26 17:23:32+00:00
mikaelwin,,"RT @ftfKcGSnUSyQf0k: „ÄêTwelve disciples„ÉªMs.Erika's testimony„Äë

Thanks to the RAPT blog, a corona pandemic happened, but I was able to overco‚Ä¶",0,6,Twitter for Android,1507769917499932674,2022-03-26 17:22:15+00:00
be_in_Bangkok,Germany,Old Bangkok lights path out of pandemic with eye-popping 'Awakening' street illuminations. #Thailand #Bangkok‚Ä¶ https://t.co/0fguw7ZufG,4,2,Twitter Web App,1507769795646824449,2022-03-26 17:21:46+00:00
Manatees2021,,"RT @ftfKcGSnUSyQf0k: „ÄêTwelve disciples„ÉªMs.Erika's testimony„Äë

Thanks to the RAPT blog, a corona pandemic happened, but I was able to overco‚Ä¶",0,6,Twitter for Android,1507769479086100480,2022-03-26 17:20:31+00:00
SwerianBot,The Interwebs,#lie : Cold weather and snow CANNOT kill the new coronavirus. #coronavirus #moronavirus #covidiots #covid19 https://t.co/s7MLzYdLMF,0,1,plague-bot,1507769391907504132,2022-03-26 17:20:10+00:00
wearewhfm,"Hull, England","&gt; #PandO ferry seized in N. Ireland due to safety concerns.
&gt; UK #Coronavirus cases rise by over 1 million in a wee‚Ä¶ https://t.co/0FCjfdeLQP",0,1,TweetDeck,1507769348156502020,2022-03-26 17:20:00+00:00
be_in_Bangkok,Germany,"Thailand records 26,234 Covid-19 cases and 67 deaths on Saturday. #Thailand #Bangkok #Phuket #Samui #Pattaya‚Ä¶ https://t.co/trf44M3hx8",1,1,Twitter Web App,1507769251561717765,2022-03-26 17:19:37+00:00
PrathamSahu1122,,"RT @pavangaulkar14: üíØ% True
#COVID„Éº19 
#coronavirus 
#CoronavirusPandemic 
#CoronaOutbreak 
#CoronavirusLockdown 
#Corona @WHO https://t.co‚Ä¶",0,1,Twitter for Android,1507769178660360192,2022-03-26 17:19:19+00:00
SteveyTwoShoes,Grate Britain,"RT @tigresseleanor: People appear to believe Covid did not start in the UK until March 2020 - this is false.

The first Covid death in Engl‚Ä¶",0,43,Twitter for Android,1507768822912237571,2022-03-26 17:17:55+00:00
RabieDimitri,,"RT @MEZIANE_EMM: A total of 13 new confirmed cases of #Coronavirus (Covid-19), 10 recoveries and no deaths have been reported over the last‚Ä¶",0,3,Twitter for Android,1507768276721577984,2022-03-26 17:15:44+00:00
DrHubaEvaluator,"North Carolina, USA  919","RT @LEAD_Coalition: Please re-Tweet this powerful reminder of what we owe each other and ourselves.

(image via @helpstampoutalz) #COVID19‚Ä¶",0,63,Twitter Web App,1507768230760402947,2022-03-26 17:15:33+00:00
NHS_RobW,Yorkshire,"RT @UKHSA: Latest weekly figures for the reproduction number (R) and growth rate of #coronavirus (#COVID19)
 
Statistics for England as of‚Ä¶",0,29,Twitter for iPhone,1507768013189267464,2022-03-26 17:14:41+00:00
E46088871,,"RT @tigresseleanor: People appear to believe Covid did not start in the UK until March 2020 - this is false.

The first Covid death in Engl‚Ä¶",0,43,Twitter Web App,1507767802136047624,2022-03-26 17:13:51+00:00
UKvaccineNumber,,"First Dose Progress üíâ :
‚¨õ‚¨õ‚¨õ‚¨õ‚¨õ‚¨õ‚¨õ‚¨õ‚¨õ‚¨ú‚¨ú‚¨ú 77.49%
[52,759,213 / 68,084,982]

Second Dose Progress üíâüíâ :
‚¨õ‚¨õ‚¨õ‚¨õ‚¨õ‚¨õ‚¨õ‚¨õ‚¨ú‚¨ú‚¨ú‚¨ú 72.49‚Ä¶ https://t.co/6QdCrtTKFt",0,0,vaccinebotuk,1507767743000547335,2022-03-26 17:13:37+00:00
RomainMartinIO,Tiohti√†:ke Montreal,"RT @UKHSA: Latest weekly figures for the reproduction number (R) and growth rate of #coronavirus (#COVID19)
 
Statistics for England as of‚Ä¶",0,29,Twitter for iPhone,1507767494840401921,2022-03-26 17:12:38+00:00
SallyFereday,London,"RT @UKHSA: Latest weekly figures for the reproduction number (R) and growth rate of #coronavirus (#COVID19)
 
Statistics for England as of‚Ä¶",0,29,Twitter for Android,1507767448837275655,2022-03-26 17:12:27+00:00
bipolardude90,,"Woke lefties blocked me just for having a different view on lockdowns and mask wearing, im living life while there‚Ä¶ https://t.co/g3azMOy0jf",0,0,Twitter for iPhone,1507766475314151429,2022-03-26 17:08:35+00:00
letourse,Montr√©al Qu√©bec Canada,"May 2020:
Laurie Garrett on #coronavirus timeline: ‚ÄòThree years is my best case scenario‚Äô https://t.co/VzNqncSJ8Q via @msnbc",0,0,Twitter Web App,1507766005342380041,2022-03-26 17:06:43+00:00
Universo_AG,Buenos Aires (Argentina),"#MEDICINA 26.Mar.2022 By @Universo_AG
#Coronavirus #Covid_19 #Subvariantes #√ìmicron https://t.co/3x22JCeN2w",0,0,Twitter Web App,1507765841420562432,2022-03-26 17:06:04+00:00
Universo_AG,Buenos Aires (Argentina),"#MEDICINE 26.Mar.2022 By @Universo_AG
#Coronavirus #Covid_19 #Pandemic
#World &amp; #Top25 Total Cases Update https://t.co/J2lttD0DcZ",0,0,Twitter Web App,1507765673782566913,2022-03-26 17:05:24+00:00
Universo_AG,Buenos Aires (Argentina),"#MEDICINE 26.Mar.2022 By @Universo_AG
#Coronavirus #Covid_19 #Pandemic
#World &amp; #Top25 Weekly Trends Update https://t.co/i5XYhnhk3R",0,0,Twitter Web App,1507765586385944577,2022-03-26 17:05:03+00:00
3WjCPPcl3jYUA74,JPN,"Wear a mask.
Masks can prevent secondary and tertiary infections.
Your children.
And protect your parents.

#Coronavirus
#mask
#Wearamask",0,0,twittbot.net,1507765510477586432,2022-03-26 17:04:45+00:00
Universo_AG,Buenos Aires (Argentina),"#MEDICINE 26.Mar.2022 By @Universo_AG
#Coronavirus #Covid_19 #Pandemic
#Argentina Cases Update https://t.co/qgU3EhCIit",0,0,Twitter Web App,1507765499475763201,2022-03-26 17:04:42+00:00
PaulParkerNash,"Farnham, Surrey.","@MuseWendi @TheGalGidget I have car,bricks and mortar and home contents insurance and I used to pay National Insura‚Ä¶ https://t.co/Pcr6VBP8X1",1,0,Twitter for iPhone,1507765477556297738,2022-03-26 17:04:37+00:00
coronatracking1,US,#Coronavirus #COVID19 US Cases by Johns Hopkins CSSE as of 03/26/22 12:04 CDT https://t.co/97HB3sRSBN,0,0,trackingbot2020,1507765465006886916,2022-03-26 17:04:34+00:00
coronatracking1,US,#Coronavirus #COVID19 Global Cases by Johns Hopkins CSSE as of 03/26/22 12:00 CDT https://t.co/mThYZdk4qk,0,0,trackingbot2020,1507765434631733248,2022-03-26 17:04:27+00:00
BethPaintings,USA,"RT @ASKAboutVitamin: #RT #ASKAboutVitamins #Follow @ASKAboutVitamin
Positive #Feedback https://t.co/986knAIBqW #Specials #sales #Promos #Am‚Ä¶",0,1,Twitter Web App,1507765012714201095,2022-03-26 17:02:46+00:00
Sudalaiventhan,‡Æ§‡Øä‡Æ£‡Øç‡Æü‡Øà ‡ÆÆ‡Æ£‡Øç‡Æü‡Æ≤‡ÆÆ‡Øç.,"RT @TNCoronaUpdate: #TamilNadu | #COVID19 | 26 March 2022

District Wise  Data...

#TNCoronaUpdates #coronavirus https://t.co/GURO7vsR4l",0,4,Twitter for Android,1507764991692140544,2022-03-26 17:02:41+00:00
Blogging_AG,Buenos Aires - Argentina,"#MEDICINE 26.Mar.2022 By @Universo_AG
#Coronavirus #Covid_19 #Pandemic
#Argentina Cases Update https://t.co/W71Y6ZpYGG",1,0,Twitter Web App,1507764861010382850,2022-03-26 17:02:10+00:00
joshual1980,,"RT @PokerPolitics: Even with Q blaming the ChiComs, The DNC, Biden, The Trilateral commission, and the Freemasons for #coronavirus it seems‚Ä¶",0,7,Twitter for Android,1507764848796610566,2022-03-26 17:02:07+00:00
ASKAboutVitamin,"California, USA","#RT #ASKAboutVitamins #Follow @ASKAboutVitamin
Positive #Feedback https://t.co/986knAIBqW #Specials #sales #Promos‚Ä¶ https://t.co/EcmqDBZUDO",0,1,Twitter Web App,1507764831679442946,2022-03-26 17:02:03+00:00
drfaranahmad,"Omaha, NE","RT @dawn_com: 75pc of Pakistan's eligible population now fully vaccinated against Covid: SAPM Dr Faisal

Follow our updates on #coronavirus‚Ä¶",0,2,Twitter for Android,1507764753107726338,2022-03-26 17:01:44+00:00
debiw781,United States,"RT @craigtimes: #Florida overcounts #coronavirus vaccinations by 600,000 people https://t.co/6yGkkD21OT via @ChrisMPersaud",0,15,Twitter for iPhone,1507764476648558597,2022-03-26 17:00:38+00:00
CovidData2,,New COVID-19 Data at 2022-03-26 01:00:00 pm EDT #Coronavirus #COVID19 #COVID_19 https://t.co/FPp4i1eQO0,0,0,coronaData_Test,1507764404762423297,2022-03-26 17:00:21+00:00
Faithacct,,"Let's stay vigilant as we move towards an 'endemic' policy!

#HowAboutNow #cc4cc #vaccine #nonvaccine #ceem‚Ä¶ https://t.co/UqbEt64m9Q",0,0,Hootsuite Inc.,1507764396256378885,2022-03-26 17:00:19+00:00
the__hustlerguy,USA,"RT @blackhawkinc: Beware: This One Thing Can Cost You Your Freedom

https://t.co/UYkpPZmeIt

#ziadabdelnour #freedom #Beware #Coronavirus #‚Ä¶",0,2,TweetHustler__,1507764343437672449,2022-03-26 17:00:07+00:00
brigiddafb,,RT @SinnerTheDj: #COVID19 Outbreak aboard @CruiseNorwegian #nclgetaway Concealed from @CDCgov and public.  #cruiseline hides number of case‚Ä¶,0,63,Twitter Web App,1507764339477921792,2022-03-26 17:00:06+00:00
blackhawkinc,The World,"Beware: This One Thing Can Cost You Your Freedom

https://t.co/UYkpPZmeIt

#ziadabdelnour #freedom #Beware‚Ä¶ https://t.co/8iIEVopZKc",2,2,Twitter Web App,1507764319978762248,2022-03-26 17:00:01+00:00
_covid_19_bot_,,"Cases: 479,188,455 (+17,136) 
Deaths: 6,119,643 (+105) 
Recovered: 0 (+0) 
Active Cases: 479,188,455 (100%)
Complet‚Ä¶ https://t.co/aFfZBFeB4w",0,0,Covid-19 Bot,1507764075106865154,2022-03-26 16:59:03+00:00
SicarioGam3r,,Quick Captain! The sheep are clocking on! We need to do something! #COVIDIOTS #VaccineSideEffects #VaccineDeaths‚Ä¶ https://t.co/twSShhDhX7,0,0,Twitter for iPhone,1507763905661218821,2022-03-26 16:58:22+00:00
Blogging_AG,Buenos Aires - Argentina,"26.Mar.2022 #Coronavirus #Covid_19 #Pandemic
#World Trends Update https://t.co/K4bXFXzf0I",1,0,Twitter Web App,1507763890796601349,2022-03-26 16:58:19+00:00
Blogging_AG,Buenos Aires - Argentina,"26.Mar.2022 #Coronavirus #Covid_19 #Pandemic
#World Cases Update https://t.co/mraixSwxT2",1,0,Twitter Web App,1507763707497099269,2022-03-26 16:57:35+00:00
rcorliss,"Schenectady, New York",RT @_ShaunDougherty: I have always been proud to say that I am married to Dr. D'Arcy Duke!  Today is no exception!  I am incredibly proud o‚Ä¶,0,3,Twitter for iPad,1507763618242351110,2022-03-26 16:57:14+00:00
DrchildrenV,,"RT @maxplanckpress: The #coronavirus not only infects the human retina, but can also replicate in it. A new study @MPI_Muenster &amp; @WWU_Muen‚Ä¶",0,185,Twitter for Android,1507763549426360321,2022-03-26 16:56:57+00:00
LBCI_News_EN,"Adma, Lebanon","#Health Ministry confirms 290 new cases, 6 more deaths | https://t.co/StT5YVzhlW | #Coronavirus #Lebanon",2,1,Twitter Web App,1507763355158827016,2022-03-26 16:56:11+00:00
Huma20846910,,"RT @EduCannotWait: #COVID19 is disrupting education globally.  For children &amp; youth already affected by armed conflicts, displacement &amp; dis‚Ä¶",0,25,Twitter for Android,1507762846087540740,2022-03-26 16:54:10+00:00
1point15,"Durham,UK","üì∑ Why are people still scared? Are you scared of other #coronavirus, such as #flu and #commoncold ? Are you scared‚Ä¶ https://t.co/7g5C7vmCQx",0,0,Tumblr,1507762318918234120,2022-03-26 16:52:04+00:00
NainaKhetpal,"Mumbai, India",I remember @fayedsouza had debates and tried to get period essentials (pads) tax free but here politicians to get f‚Ä¶ https://t.co/C2wnBuAxcf,1,0,Twitter for iPhone,1507762095856635905,2022-03-26 16:51:11+00:00
dawn_com,Pakistan,"75pc of Pakistan's eligible population now fully vaccinated against Covid: SAPM Dr Faisal

Follow our updates on‚Ä¶ https://t.co/9FEE3DtOlj",14,2,TweetDeck,1507761539016757252,2022-03-26 16:48:58+00:00
JoanDay4878,,"RT @92Y: 1/As #NYC &amp; our nation commemorate 2 years of crisis &amp; loss from the #coronavirus pandemic, please join us 3/29 for a behind-the-s‚Ä¶",0,82,Twitter for iPhone,1507761093405515781,2022-03-26 16:47:12+00:00
ParentSecurity,,Canadian Indigenous leaders to meet pope over school abuse | Coronavirus | #coronavirus | #kids. | #children |¬†‚Ä¶ https://t.co/huYQVbznKW,0,0,WordPress.com,1507761079266512905,2022-03-26 16:47:08+00:00
iminyoursoultoo,,"RT @NBTDilli: 120 new cases, 0 death and 122 recovered in the last 24 hours; taking the total number of #CoronaVirus cases to 18,64,478 in‚Ä¶",0,1,Twitter for Android,1507760590126608389,2022-03-26 16:45:12+00:00
JaneFos79679887,"Arizona, USA",RT @2StefanMoore: If we all just got Together &amp; Worked on a Cure for #Cancer just as we did with the #CoronaVirus ü§î,0,6,Twitter for Android,1507760385889222661,2022-03-26 16:44:23+00:00
neeraj11dlp,Unidentified,"RT @EduCannotWait: #COVID19 is disrupting education globally.  For children &amp; youth already affected by armed conflicts, displacement &amp; dis‚Ä¶",0,25,Twitter for Android,1507760375756128256,2022-03-26 16:44:21+00:00
NBTDilli,New Delhi,"120 new cases, 0 death and 122 recovered in the last 24 hours; taking the total number of #CoronaVirus cases to 18,‚Ä¶ https://t.co/FNK5iuHP84",11,1,Twitter for Android,1507759474462797824,2022-03-26 16:40:46+00:00
TonyTeano,"Maryland, USA",RT @LEAD_Coalition: Even mild cases of #COVID19 might result in brain shrinkage and impaired cognitive function https://t.co/RUeiq3sEhk via‚Ä¶,0,30,Twitter Web App,1507759248054308866,2022-03-26 16:39:52+00:00
FECPharmD,"Oakland, CA ","RT @IDClinics: Don‚Äôt miss this important issue of #Infectious #Disease Clinics on #Pediatric #Infections, edited by @RebeccaSame @JasonGNew‚Ä¶",0,12,Twitter for iPhone,1507758755651342336,2022-03-26 16:37:54+00:00
State_Times,Jammu | Kashmir | Delhi,"#Ladakh reports one case; #Kargil now #coronavirus-free

https://t.co/9UQT1pbSUH",0,0,Twitter Web App,1507758527443480578,2022-03-26 16:37:00+00:00
leezawilllshe,Upper Peninsula of Mi.,RT @2StefanMoore: If we all just got Together &amp; Worked on a Cure for #Cancer just as we did with the #CoronaVirus ü§î,0,6,Twitter for iPhone,1507758413819883520,2022-03-26 16:36:33+00:00
JimBrazil,Brazil,"RT @sofiartmedia: Happy Easter Holiday Face Mask Design
15% Off
#zazzle #zazzlemade #artwork #art #easter #spring #greeting #party #birthda‚Ä¶",0,84,Twitter Web App,1507758267153457159,2022-03-26 16:35:58+00:00
AlderaziS,"West Midlands, England",The number of new #COVID19 cases is rising again at my work place at scary rate. Designated wards half full with co‚Ä¶ https://t.co/IUaNiOVZHL,2,0,Twitter for iPhone,1507758031454576640,2022-03-26 16:35:02+00:00
StefaniaMarcone,,RT @EU_Competition: #EUStateAid #StrongerTogether Commission üá™üá∫ approves ‚Ç¨200 million Italian üáÆüáπscheme to support the retail trade sector‚Ä¶,0,2,Twitter Web App,1507757693167190028,2022-03-26 16:33:41+00:00
Minouch65865348,,"RT @EduCannotWait: #COVID19 is disrupting education globally.  For children &amp; youth already affected by armed conflicts, displacement &amp; dis‚Ä¶",0,25,Twitter for Android,1507757157764284420,2022-03-26 16:31:33+00:00
CovidData2,,New COVID-19 Data at 2022-03-26 12:30:01 pm EDT #Coronavirus #COVID19 #COVID_19 https://t.co/x7tGesm1Oi,0,0,coronaData_Test,1507756847440277504,2022-03-26 16:30:19+00:00
Yogaolic,,"RT @SMaurizi: 2 years ago,as #Coronavirus pandemic exploded, I tried to investigate on #Metabiota,a San Francisco firm tracking epidemics f‚Ä¶",0,24,Twitter for iPhone,1507756409005522944,2022-03-26 16:28:35+00:00
